dt,A
0,0
1.644309044,0
2.130618334,0.002003908
2.160130739,0.002003908
2.191569805,0.002003908
2.221807718,0.002003908
2.252738237,0.002003908
2.28312254,0.002003908
2.313700199,0.002003908
2.345729113,0.002003908
2.376513481,0.002003908
2.407863617,0.002003908
2.438338041,0.002003908
2.469429255,0.002003908
2.500362158,0.002003908
2.532393217,0.002003908
2.564138889,0.002003908
2.595431805,0.002003908
2.627369881,0.002003908
2.659102201,0.002003908
2.690840244,0.002003908
2.721709251,0.002003908
2.752475739,0.002003908
2.784579992,0.002003908
2.815351725,0.002003908
2.847529411,0.002003908
2.877857685,0.002003908
2.90937829,0.002003908
2.940437078,0.002003908
2.971888304,0.002003908
3.003689051,0.002003908
3.034185171,0.002003908
3.065671682,0.002003908
3.097138882,0.002003908
3.129175901,0.002003908
3.160801888,0.002003908
3.192145824,0.002003908
3.223216295,0.002003908
3.253470898,0.002003908
3.284379482,0.002003908
3.315801382,0.002003908
3.347536802,0.002003908
3.378862143,0.002003908
3.410286903,0.002003908
3.441852331,0.002003908
3.472785711,0.002003908
3.504002094,0.002003908
3.534838676,0.002003908
3.56661129,0.002003908
3.598038435,0.002003908
3.629577637,0.002003908
3.662235737,0.002003908
3.693261147,0.002003908
3.7241745,0.002003908
3.755241871,0.002003908
3.785754442,0.002003908
3.816989899,0.002003908
3.849096298,0.002003908
3.880604506,0.002003908
3.911604643,0.002003908
3.943028927,0.002003908
3.973795891,0.002003908
4.005897045,0.002003908
4.036786795,0.002003908
4.068241358,0.002003908
4.100016117,0.002003908
4.13155961,0.002003908
4.162967682,0.002003908
4.194533825,0.002003908
4.225941181,0.002003908
4.257521629,0.002003908
4.288535118,0.002003908
4.31959486,0.002003908
4.350665569,0.002003908
4.382833719,0.002003908
4.414674997,0.002003908
4.446015358,0.002003908
4.478061199,0.002003908
4.509534836,0.002003908
4.540522575,0.002003908
4.57167387,0.002003908
4.603343964,0.002003908
4.634111166,0.002003908
4.665753841,0.002003908
4.697288036,0.002003908
4.729070902,0.002003908
4.760170937,0.002003908
4.791149139,0.002003908
4.822057962,0.002003908
4.853345871,0.002003908
4.884029865,0.002003908
4.915893316,0.002003908
4.94711566,0.002003908
4.978432655,0.002003908
5.010134697,0.002003908
5.040909529,0.002003908
5.071964979,0.002003908
5.103301764,0.002003908
5.133807421,0.002003908
5.165721178,0.002003908
5.197206736,0.002003908
5.228046179,0.002003908
5.258813858,0.002003908
5.289663076,0.002003908
5.321705818,0.002003908
5.353476524,0.002003908
5.385293722,0.002003908
5.41673851,0.002003908
5.448418379,0.002003908
5.479449511,0.002003908
5.510494947,0.002003908
5.541949034,0.002003908
5.573027849,0.002003908
5.603751421,0.002003908
5.634856939,0.002003908
5.666520357,0.002003908
5.698429585,0.002003908
5.730121851,0.002003908
5.761378765,0.002003908
5.79234314,0.002003908
5.823832035,0.002003908
5.854973555,0.002003908
5.886254549,0.002003908
5.917468071,0.002003908
5.948992968,0.002003908
5.981029987,0.002003908
6.012918472,0.002003908
6.044395924,0.002003908
6.075075388,0.002003908
6.106215477,0.002003908
6.137604475,0.002003908
6.168734074,0.002003908
6.200739384,0.002003908
6.232617855,0.002003908
6.263886213,0.002003908
6.295472145,0.002003908
6.32653594,0.002003908
6.357486248,0.002003908
6.388967514,0.002003908
6.419586182,0.002003908
6.450684547,0.002003908
6.482635736,0.002003908
6.513606548,0.002003908
6.545276403,0.002003908
6.576483727,0.002003908
6.607898235,0.002003908
6.639534235,0.002003908
6.671041965,0.002003908
6.702521086,0.002003908
6.733626127,0.002003908
6.764736652,0.002003908
6.796453476,0.002003908
6.827315092,0.002003908
6.858081102,0.002003908
6.89017868,0.002003908
6.92070365,0.002003908
6.951822519,0.002003908
6.983867884,0.002003908
7.015699148,0.002003908
7.047949553,0.002003908
7.079539537,0.002003908
7.11140275,0.002003908
7.14350009,0.002003908
7.174381018,0.002003908
7.20555687,0.002003908
7.236064672,0.002003908
7.26731348,0.002003908
7.298239946,0.002003908
7.32964468,0.002003908
7.36069417,0.002003908
7.391345978,0.002003908
7.42175436,0.002003908
7.452749968,0.002003908
7.484258652,0.002003908
7.515538692,0.002003908
7.547242165,0.002003908
7.579636335,0.002003908
7.610645294,0.002003908
7.64191103,0.002003908
7.67294383,0.002003908
7.705120564,0.002003908
7.736512423,0.002003908
7.768151283,0.002003908
7.798511744,0.002003908
7.830012798,0.002003908
7.861589432,0.002003908
7.892771006,0.002003908
7.924118519,0.002003908
7.954946041,0.002003908
7.986111403,0.002003908
8.017699718,0.002003908
8.049234629,0.002003908
8.080185175,0.002003908
8.111385345,0.002003908
8.143044472,0.002003908
8.173344612,0.002003908
8.20406127,0.002003908
8.234495163,0.002003908
8.266320944,0.002003908
8.297993183,0.002003908
8.329607725,0.002003908
8.360867977,0.002003908
8.39232564,0.002003908
8.423175097,0.002003908
8.454971075,0.002003908
8.485851526,0.002003908
8.517351389,0.002003908
8.548569918,0.002003908
8.579423904,0.002003908
8.610658407,0.002003908
8.641848326,0.002003908
8.672863245,0.002003908
8.704026461,0.002003908
8.735061407,0.002003908
8.766177177,0.002003908
8.79693985,0.002003908
8.828771591,0.002003908
8.859890938,0.002003908
8.890800714,0.002003908
8.921804428,0.002003908
8.952886343,0.002003908
8.984514475,0.002003908
9.016394377,0.002003908
9.048090458,0.002003908
9.079660177,0.002003908
9.110816479,0.002003908
9.141509533,0.002003908
9.172913551,0.002003908
9.203908443,0.002003908
9.235095739,0.002003908
9.266350269,0.002003908
9.297796488,0.002003908
9.328746557,0.002003908
9.359486103,0.002003908
9.39005661,0.002003908
9.420652151,0.002003908
9.451567411,0.002003908
9.482667446,0.002003908
9.514491796,0.002003908
9.545887232,0.002003908
9.577722073,0.002003908
9.609176636,0.002003908
9.640483141,0.002003908
9.670828581,0.002003908
9.702115059,0.002003908
9.733161211,0.002003908
9.764779568,0.002003908
9.796342611,0.002003908
9.827389002,0.002003908
9.858605146,0.002003908
9.889680624,0.002003908
9.921206713,0.002003908
9.951326609,0.002003908
9.983407974,0.002003908
10.01467848,0.002003908
10.04594684,0.002003908
10.07728672,0.002003908
10.10833335,0.002003908
10.1400466,0.002003908
10.17105746,0.002003908
10.20216203,0.002003908
10.23304081,0.002003908
10.26453233,0.002003908
10.29682493,0.002003908
10.32808328,0.002003908
10.35941744,0.002003908
10.39135194,0.002003908
10.42168021,0.002003908
10.45239162,0.002003908
10.48384404,0.002003908
10.51530957,0.002003908
10.54692435,0.002003908
10.57815719,0.002003908
10.60917449,0.002003908
10.64024711,0.002003908
10.67177773,0.002003908
10.70331001,0.002003908
10.73476338,0.002003908
10.76604295,0.002003908
10.79746747,0.002003908
10.82824492,0.002003908
10.85958076,0.002003908
10.88997746,0.002003908
10.92169404,0.002003908
10.95281911,0.002003908
10.98470283,0.002003908
11.01627374,0.002003908
11.04690623,0.002003908
11.07831502,0.002003908
11.10998273,0.002003908
11.14169264,0.002003908
11.17359042,0.002003908
11.2050128,0.002003908
11.23603272,0.001730568
11.26740193,0.00134523
11.29870129,0.001235449
11.33116651,0.001233288
11.36255264,0.001230847
11.39403033,0.001121066
11.42462301,0.001067254
11.45557022,0.001008848
11.48728013,0.001008848
11.5183177,0.000955032
11.54939795,0.000899066
11.58041573,0.000840648
11.61197805,0.000784687
11.64284253,0.000784687
11.67409968,0.000730861
11.70538783,0.000674905
11.73616838,0.000674905
11.76734161,0.000618647
11.79849672,0.000560525
11.8293891,0.000560525
11.85992479,0.000506689
11.89036345,0.000450742
11.92175961,0.000336361
11.95357013,0.000336361
11.98430061,0.000336361
12.01547861,0.000226577
12.04716277,0.000226577
12.07798481,0.000224161
12.10910487,0.00017031
12.14054084,0.000112197
12.17163467,0.000112197
12.20340848,0.000112197
12.23415613,2.41189E-06
12.26551485,0
12.29629946,0
12.32828498,0
12.35952735,0
12.39190245,0
12.42307377,0
12.45398569,0
12.48532677,0
12.5162046,0
12.54722953,0
12.5785892,0
12.60975266,0
12.64128089,0
12.67261791,0
12.70348597,0
12.73516369,0
12.7666285,0
12.79763436,0
12.82897472,0
12.85992956,0
12.89108348,0
12.92345786,0
12.95488954,0
12.98655057,0
13.01701951,0
13.04882813,0
13.08052516,0
13.1117456,0
13.14271164,0
13.1739738,0
13.205338,0
13.23674941,0
13.26825023,0
13.29876614,0
13.33024502,0
13.3618896,0
13.39399719,0
13.42529035,0
13.45627904,0
13.4881537,0
13.51994777,0
13.55117083,0
13.58225489,0
13.61441636,0
13.64648771,0
13.67757988,0
13.709126,0
13.74082899,0
13.77169442,0
13.80436492,0
13.83475685,0
13.86614561,0
13.8970592,0
13.92835855,0
13.95964861,0
13.99091411,0
14.02260423,0
14.05473399,0
14.08550906,0
14.11635709,0
14.14748383,0
14.17851877,0
14.21003962,0
14.2415185,0
14.27330709,0
14.30383515,0
14.33497977,0
14.3662889,0
14.3972218,0
14.42890835,0
14.46058869,0
14.49237561,0
14.52454185,0
14.55567527,0
14.58710408,0
14.61835122,0
14.64927244,0
14.68026304,0
14.71149206,0
14.74320221,0
14.77519417,0
14.80642271,0
14.83761859,0
14.86776233,0
14.89917231,0
14.93145967,0
14.96247554,0
14.99390626,0
15.02511215,0
15.05641317,0
15.08823586,0
15.11923933,0
15.15038395,0
15.18222833,0
15.21397066,0
15.2457633,0
15.27681613,0
15.30797291,0
15.33929777,0
15.36999679,0
15.4010067,0
15.43263936,0
15.46447682,0
15.49615407,0
15.5274291,0
15.55868053,0
15.58991504,0
15.62081265,0
15.6514461,0
15.68233299,0
15.71340227,0
15.7444694,0
15.77583408,0
15.80739188,0
15.83915734,0
15.87057304,0
15.90238237,0
15.93355775,0
15.9651649,0
15.99627423,0
16.02805138,0
16.05947757,0
16.09078431,0
16.12244987,0
16.15383434,0
16.18484521,0
16.21602869,0
16.24735904,0
16.27882528,0
16.31077647,0
16.34251356,0
16.37310624,0
16.40388989,0
16.43473554,0
16.46613169,0
16.49833226,0
16.52937841,0
16.56064725,0
16.59131718,0
16.62302637,0
16.65397882,0
16.68503404,0
16.71631837,0
16.74789858,0
16.77889419,0
16.81032848,0
16.84174347,0
16.87280726,0
16.90361738,0
16.93404818,0
16.96577668,0
16.99680066,0
17.02848148,0
17.0593071,0
17.09116888,0
17.12221718,0
17.15325999,0
17.18490171,0
17.21755481,0
17.24881172,0
17.28038383,0
17.31156731,0
17.34262848,0
17.37358308,0
17.40498304,0
17.43654799,0
17.46788001,0
17.49926186,0
17.5310061,0
17.56293964,0
17.59549117,0
17.62651658,0
17.65794182,0
17.689852,0
17.72078609,0
17.7524147,0
17.7837584,0
17.81499767,0
17.84716868,0
17.87886882,0
17.91064358,0
17.94178534,0
17.97319984,0
18.00385809,0
18.03512001,0
18.0669446,0
18.09852338,0
18.12970209,0
18.16198182,0
18.19455719,0
18.22568107,0
18.25649881,0
18.28823924,0
18.3190136,0
18.35034466,0
18.381989,0
18.41409588,0
18.44546366,0
18.47692442,0
18.50832653,0
18.54000497,0
18.57155371,0
18.60264826,0
18.63382959,0
18.66555285,0
18.71121335,0
18.74269867,0
18.77298164,0
18.80353785,0
18.83530569,0
18.86654711,0
18.89766908,0
18.92846775,0
18.95957518,0
18.99115372,0
19.02220249,0
19.05360341,0
19.0851748,0
19.11655712,0
19.1476481,0
19.18004799,0
19.21143961,0
19.24354839,0
19.27491212,0
19.30634475,0
19.33732772,0
19.36776662,0
19.39860678,0
19.43015599,0
19.46143365,0
19.49334955,0
19.52516866,0
19.55622554,0
19.58834362,0
19.61926627,0
19.6502347,0
19.68112063,0
19.71262717,0
19.74388528,0
19.77487826,0
19.80641627,0
19.83699346,0
19.8684597,0
19.90072775,0
19.9315834,0
19.96307325,0
19.99512148,0
20.02599382,0
20.05663061,0
20.08733845,0
20.11829305,0
20.14928818,0
20.18062687,0
20.2116313,0
20.24220324,0
20.27386642,0
20.30480075,0
20.33697486,0
20.36785316,0
20.39823794,0
20.42931962,0
20.46039748,0
20.49144363,0
20.52305818,0
20.5537796,0
20.58497167,0
20.61677217,0
20.64892626,0
20.68131948,0
20.71277404,0
20.74361658,0
20.77536106,0
20.80645752,0
20.83792114,0
20.86903763,0
20.90050745,0
20.93187308,0
20.96302462,0
20.99406743,0
21.02571464,0
21.05709529,0
21.0880394,0
21.1189394,0
21.15055704,0
21.18179917,0
21.21325898,0
21.24392581,0
21.27657986,0
21.30686712,0
21.338938,0
21.37082648,0
21.40178466,0
21.43331122,0
21.46426082,0
21.4953742,0
21.52633286,0
21.55696154,0
21.58849883,0
21.61989307,0
21.65040588,0
21.68231416,0
21.71315551,0
21.74459195,0
21.77633309,0
21.80742717,0
21.83802152,0
21.86905384,0
21.90041327,0
21.93168712,0
21.96237803,0
21.99366021,0
22.02490592,0
22.05691195,0
22.08678627,0
22.11839032,0
22.14968824,0
22.18027973,0
22.21168327,0
22.24319267,0
22.27427173,0
22.30630994,0
22.33736134,0
22.36801338,0
22.39940715,0
22.43099141,0
22.46248794,0
22.49334574,0
22.52447438,0
22.55619478,0
22.58709836,0
22.61806035,0
22.64918947,0
22.68107271,0
22.71260977,0
22.74447608,0
22.77512121,0
22.80626416,0
22.83813143,0
22.86964488,0
22.90057635,0
22.93180561,0
22.96233487,0
22.99417973,0
23.02485633,0
23.05591488,0
23.08718634,0
23.1185298,0
23.15012288,0
23.18231368,0
23.21349049,0
23.24440074,0
23.2758491,0
23.3074739,0
23.33858752,0
23.36999083,0
23.40135431,0
23.43223429,0
23.4631021,0
23.49462485,0
23.52682614,0
23.55810094,0
23.58949971,0
23.62100005,0
23.65237403,0
23.6830225,0
23.71462798,0
23.74559045,0
23.77700162,0
23.80829334,0
23.84024596,0
23.87071919,0
23.90197062,0
23.93375373,0
23.96472096,0
23.99682069,0
24.02807808,0
24.05959821,0
24.09109807,0
24.12183833,0
24.15353656,0
24.1838069,0
24.21594977,0
24.24709487,0
24.2786274,0
24.3098197,0
24.34119916,0
24.37216759,0
24.40458775,0
24.43600154,0
24.46833944,0
24.49903727,0
24.5308547,0
24.5627811,0
24.59498286,0
24.62581158,0
24.65727687,0
24.68884254,0
24.72031784,0
24.75139976,0
24.78245783,0
24.81411338,0
24.84549618,0
24.87764263,0
24.90917349,0
24.94076562,0
24.97193384,0
25.00386453,0
25.03516436,0
25.06587601,0
25.09724903,0
25.12907553,0
25.16018867,0
25.19183397,0
25.22359991,0
25.25575161,0
25.28748131,0
25.3181653,0
25.34936929,0
25.38008785,0
25.41107297,0
25.44314337,0
25.47466445,0
25.50582409,0
25.53808641,0
25.56975698,0
25.60076857,0
25.63184953,0
25.66340518,0
25.69500732,0
25.72691393,0
25.75860667,0
25.79055405,0
25.82131815,0
25.85267949,0
25.88346863,0
25.91452384,0
25.94566751,0
25.97755504,0
26.00922155,0
26.03953505,0
26.0703454,0
26.10085297,0
26.13193655,0
26.16330147,0
26.19477201,0
26.2258935,0
26.25718522,0
26.28862739,0
26.31979012,0
26.35033822,0
26.38169718,0
26.41326547,0
26.44401693,0
26.47480083,0
26.50610304,0
26.53728223,0
26.5680654,0
26.59940434,0
26.63145685,0
26.66271019,0
26.69421124,0
26.72520494,0
26.75617242,0
26.78739834,0
26.81951547,0
26.85018063,0
26.88139296,0
26.91283774,0
26.94404221,0
26.9754169,0
27.00637984,0
27.03695321,0
27.0690167,0
27.10053062,0
27.13261747,0
27.16416979,0
27.19546318,0
27.22781014,0
27.25936508,0
27.29057431,0
27.3220489,0
27.35376859,0
27.38460374,0
27.41597247,0
27.4476409,0
27.47872853,0
27.50997281,0
27.54110599,0
27.57146811,0
27.60311794,0
27.63465595,0
27.66603208,0
27.69743729,0
27.72870159,0
27.76078629,0
27.79194283,0
27.82372904,0
27.85497856,0
27.88513422,0
27.91620207,0
27.94814658,0
27.98034263,0
28.01258135,0
28.04316068,0
28.07492971,0
28.10634971,0
28.13713169,0
28.16838503,0
28.20021439,0
28.23110867,0
28.26248336,0
28.2935257,0
28.32598281,0
28.3574574,0
28.38797379,0
28.41904855,0
28.45048046,0
28.48146343,0
28.51330519,0
28.54486442,0
28.57580805,0
28.60731602,0
28.63792562,0
28.66882014,0
28.70085311,0
28.73208904,0
28.76420927,0
28.79618883,0
28.82851934,0
28.85974216,0
28.89040422,0
28.92185831,0
28.9535923,0
28.9845202,0
29.0158155,0
29.04721451,0
29.07802176,0
29.10929203,0
29.14142346,0
29.17212725,0
29.20359206,0
29.23469663,0
29.26630116,0
29.29736829,0
29.32862854,0
29.3588717,0
29.3906002,0
29.42143464,0
29.45234489,0
29.48352075,0
29.51458693,0
29.54636908,0
29.57808089,0
29.60916066,0
29.6406672,0
29.67272711,0
29.70357203,0
29.73423409,0
29.76663351,0
29.7980113,0
29.8292315,0
29.85975027,0
29.89119172,0
29.92284369,0
29.95337677,0
29.98482275,0
30.01592684,0
30.04747581,0
30.07890677,0
30.11027145,0
30.14162469,0
30.17282271,0
30.20364666,0
30.23485994,0
30.26613069,0
30.29733038,0
30.32847857,0
30.36057854,0
30.39219379,0
30.42303419,0
30.45404434,0
30.4850986,0
30.51563501,0
30.5472002,0
30.57811546,0
30.60900021,0
30.64137125,0
30.67248774,0
30.70475793,0
30.73550987,0
30.76736355,0
30.79857969,0
30.82970595,0
30.86128974,0
30.89279985,0
30.92442751,0
30.9557538,0
30.98699975,0
31.0186367,0
31.05007935,0
31.08166623,0
31.11319447,0
31.14446926,0
31.17577934,0
31.20741153,0
31.23794293,0
31.26952052,0
31.30034375,0
31.33153439,0
31.36214948,0
31.39383841,0
31.42496014,0
31.45641303,0
31.48783088,0
31.51989937,0
31.55095601,0
31.58246374,0
31.61338854,0
31.64436913,0
31.67563438,0
31.70715141,0
31.73891687,0
31.77054286,0
31.80181742,0
31.83377147,0
31.86508083,0
31.89621234,0
31.92770123,0
31.95948482,0
31.99072456,0
32.02177477,0
32.05334806,0
32.08431435,0
32.11550736,0
32.1464293,0
32.17731833,0
32.20922375,0
32.24120164,0
32.27248907,0
32.30346751,0
32.33415627,0
32.36483192,0
32.39628196,0
32.42719197,0
32.4594965,0
32.49062467,0
32.52197695,0
32.55340958,0
32.58439374,0
32.61518121,0
32.64638162,0
32.67759657,0
32.70902491,0
32.74033976,0
32.77262974,0
32.80370975,0
32.83512807,0
32.86617351,0
32.89782238,0
32.92930365,0
32.96047401,0
32.991786,0
33.02222967,0
33.0532999,0
33.08422112,0
33.1158421,0
33.14742303,0
33.17871141,0
33.20987463,0
33.24162173,0
33.27245665,0
33.30383301,0
33.33424902,0
33.3652997,0.000109785
33.39642334,0.000109785
33.42804217,0.000109785
33.45956135,0.000109785
33.49007821,0.000109785
33.5208869,0.000109785
33.55193472,0.000109785
33.58300877,0.000109785
33.61481977,0.000109785
33.64589286,0.000109785
33.6772089,0.000109785
33.70785594,0.000109785
33.73901772,0.000109785
33.77058363,0.000109785
33.80165648,0.000109785
33.83351994,0.000109785
33.86514735,0.000109785
33.89614677,0.000109785
33.92788553,0.000109785
33.95911527,0.000109785
33.99021268,0.000109785
34.02141523,0.000109785
34.05311894,0.000109785
34.08385086,0.000109785
34.11493564,0.000109785
34.14663363,0.000109785
34.17741036,0.000109785
34.20865536,0.000109785
34.24078178,0.000109785
34.27199173,0.000109785
34.30382133,0.000109785
34.33471084,0.000109785
34.36717272,0.000109785
34.39883161,0.000109785
34.4312644,0.000109785
34.4622519,0.000109785
34.49341989,0.000109785
34.52529573,0.000109785
34.55610418,0.000109785
34.58692908,0.000109785
34.61830926,0.000109785
34.64988065,0.000109785
34.68219638,0.000109785
34.71440578,0.000109785
34.74557424,0.000109785
34.77718115,0.000109785
34.80862713,0.000109785
34.84052372,0.000109785
34.87111568,0.000109785
34.90200329,0.000109785
34.93324947,0.000109785
34.96525502,0.000109785
34.99632406,0.000109785
35.02745509,0.000109785
35.05892754,0.000109785
35.08993459,0.000109785
35.12152457,0.000109785
35.15288138,0.000109785
35.18409371,0.000110012
35.21602082,0.000110012
35.24829388,0.000110012
35.27975821,0.000110012
35.31138325,0.000110012
35.34225583,0.000110012
35.37415004,0.000110012
35.40607762,0.000110012
35.43701053,0.000110012
35.46799159,0.000110012
35.49961233,0.000110012
35.53068471,0.000110012
35.56159949,0.000110012
35.59376287,0.000110012
35.62526345,0.000110012
35.65620017,0.000110012
35.68666649,0.000110012
35.71779275,0.000110012
35.74882388,0.000110012
35.78061819,0.000110012
35.81228709,0.000110012
35.84379554,0.000110012
35.87488699,0.000110012
35.90623856,0.000110012
35.93708968,0.000110012
35.96725035,0.000110012
35.99870872,0.000110012
36.02979517,0.000110012
36.06143475,0.000110012
36.09280896,0.000110012
36.12435937,0.000110012
36.15604019,0.000110012
36.18754482,0.000110012
36.21949768,0.000110012
36.25009084,2.27494E-07
36.28187633,2.27494E-07
36.31296134,2.27494E-07
36.34370542,2.27494E-07
36.37466598,2.27494E-07
36.40585876,2.27494E-07
36.43679285,2.27494E-07
36.46750879,2.27494E-07
36.49850821,2.27494E-07
36.52961707,2.27494E-07
36.56125832,2.27494E-07
36.59244466,2.27494E-07
36.62387133,2.27494E-07
36.65499234,2.27494E-07
36.68633127,2.27494E-07
36.71756625,2.27494E-07
36.74855852,0.000110012
36.78019857,0.000110012
36.81101108,0.000110012
36.84196734,0.000110012
36.87329817,0.000110012
36.90514207,0.000110012
36.93663168,0.000110012
36.96771431,0.000110012
36.99843311,0.000110012
37.02964449,0.000110012
37.06046939,0.000110012
37.09173679,0.000110012
37.12317514,0.000110012
37.15498877,0.000110012
37.18643093,0.000110012
37.21815181,0.000110012
37.2494638,0.000110012
37.28063965,0.000110012
37.31230998,0.000110012
37.34377146,0.000110012
37.37539911,0.000110012
37.40641522,0.000110012
37.43835521,0.000110012
37.46934175,0.000110012
37.50097084,0.000110012
37.53261757,0.000110012
37.56424689,0.000110012
37.59589005,0.000110012
37.62746358,0.000110012
37.6589148,0.000110012
37.69036531,0.000110012
37.72180891,0.000110012
37.75324106,0.000110012
37.784446,0.000110012
37.81565595,0.000110012
37.84691548,0.000110012
37.87814307,0.000110012
37.90916991,0.000110012
37.93979859,0.000110012
37.97026396,0.000110012
38.00130558,0.000110012
38.03334332,0.000110012
38.06434488,0.000110012
38.09540868,0.000110012
38.12688351,0.000110012
38.15761256,0.000110012
38.18924356,0.000110012
38.21984315,0.000110012
38.2515831,0.000110012
38.28318,0.000110012
38.31447911,0.000110012
38.34588504,0.000110012
38.37672997,0.000110012
38.40893054,0.000110012
38.44065475,0.000110012
38.47252393,0.000110012
38.50475383,0.000110012
38.53534698,0.000110012
38.56661749,0.000110012
38.5979867,0.000110012
38.62917042,0.000110012
38.66031885,0.000110012
38.69179225,0.000110012
38.72319221,0.000110012
38.75498343,0.000110012
38.7862258,0.000110012
38.81759953,0.000110012
38.84920788,0.000110012
38.87947655,0.000110012
38.9110136,0.000110012
38.94178438,0.000110012
38.97333908,0.000110012
39.00553894,0.000110012
39.03842211,0.000110012
39.06982279,0.000110012
39.10084605,0.000110012
39.13182759,0.000110012
39.16385627,0.000110012
39.19552135,0.000110012
39.2271297,0.000110012
39.25818062,0.000110012
39.28987885,0.000110012
39.32076621,0.000110012
39.35273886,0.000110012
39.3835721,0.000110012
39.41414237,0.000110012
39.44520164,0.000110012
39.47659206,0.000110012
39.50821996,0.000110012
39.53952289,0.000110012
39.57128811,0.000110012
39.6020081,0.000110012
39.63367677,0.000110012
39.66478229,0.000110012
39.69633055,0.000110012
39.7279067,0.000110012
39.75976515,0.000110012
39.79097319,0.000110012
39.82229257,0.000110012
39.85450816,0.000110012
39.88631678,0.000110012
39.91783404,0.000110012
39.94949579,0.000110012
39.98120165,0.000110012
40.01332307,0.000110012
40.04492664,0.000110012
40.0763123,0.000110012
40.10756683,0.000110012
40.13866186,0.000110012
40.17105389,0.000110012
40.20264149,0.000110012
40.23376322,0.000110012
40.26520061,0.000110012
40.29659653,0.000110012
40.32810092,0.000110012
40.35943437,0.000110012
40.39043784,0.000110012
40.42090178,0.000110012
40.45179057,0.000110012
40.482831,0.000110012
40.51510596,0.000110012
40.54578185,0.000110012
40.57722783,0.000110012
40.60905933,2.27494E-07
40.64034581,2.27494E-07
40.67109275,2.27494E-07
40.70190597,2.27494E-07
40.73373318,2.27494E-07
40.76514935,2.27494E-07
40.79624915,2.27494E-07
40.82872319,2.27494E-07
40.86011124,2.27494E-07
40.89148164,2.27494E-07
40.92299366,2.27494E-07
40.9531579,2.27494E-07
40.98447251,2.27494E-07
41.01599288,2.27494E-07
41.04744935,2.27494E-07
41.07876492,2.27494E-07
41.10937381,2.27494E-07
41.14036727,2.27494E-07
41.17196536,2.27494E-07
41.2022779,2.27494E-07
41.23274136,2.27494E-07
41.26376748,2.27494E-07
41.2955246,2.27494E-07
41.32698607,2.27494E-07
41.35942388,2.27494E-07
41.3900876,2.27494E-07
41.42111349,2.27494E-07
41.45311904,2.27494E-07
41.48395109,2.27494E-07
41.51549125,2.27494E-07
41.54675722,2.27494E-07
41.57793188,2.27494E-07
41.60921121,2.27494E-07
41.64014769,2.27494E-07
41.67089844,2.27494E-07
41.70173407,2.27494E-07
41.73266578,2.27494E-07
41.76435447,2.27494E-07
41.79511285,2.27494E-07
41.82674599,2.27494E-07
41.85700107,2.27494E-07
41.88807511,2.27494E-07
41.91964102,2.27494E-07
41.9509275,2.27494E-07
41.98193216,2.27494E-07
42.01333761,2.27494E-07
42.04538298,2.27494E-07
42.0763669,2.27494E-07
42.10778403,2.27494E-07
42.13937497,2.27494E-07
42.17020941,2.27494E-07
42.20019865,2.27494E-07
42.23016429,2.27494E-07
42.26161551,2.27494E-07
42.29327536,2.27494E-07
42.32416534,2.27494E-07
42.35548735,2.27494E-07
42.38806725,2.27494E-07
42.41895366,2.27494E-07
42.45037556,2.27494E-07
42.48129582,2.27494E-07
42.51256728,2.27494E-07
42.54417849,2.27494E-07
42.5758822,2.27494E-07
42.60689354,2.27494E-07
42.63807607,2.27494E-07
42.66935778,2.27494E-07
42.70029116,2.27494E-07
42.73189378,2.27494E-07
42.76419353,2.27494E-07
42.795789,2.27494E-07
42.82723069,2.27494E-07
42.85900736,2.27494E-07
42.89025187,2.27494E-07
42.92078495,2.27494E-07
42.95172191,2.27494E-07
42.98368859,2.27494E-07
43.01490235,2.27494E-07
43.04714584,2.27494E-07
43.07841635,2.27494E-07
43.10912108,2.27494E-07
43.14006138,2.27494E-07
43.17123461,2.27494E-07
43.20278835,2.27494E-07
43.23279643,2.27494E-07
43.26406312,2.27494E-07
43.2950635,2.27494E-07
43.32558942,2.27494E-07
43.35679984,2.27494E-07
43.38770652,2.27494E-07
43.41852903,2.27494E-07
43.45046449,2.27494E-07
43.48011112,2.27494E-07
43.51124859,2.27494E-07
43.54277849,2.27494E-07
43.57384992,2.27494E-07
43.60511065,2.27494E-07
43.63642812,2.27494E-07
43.66812468,2.27494E-07
43.6999917,2.27494E-07
43.73135519,2.27494E-07
43.76242089,2.27494E-07
43.79357839,2.27494E-07
43.82483149,2.27494E-07
43.85695148,2.27494E-07
43.88845754,2.27494E-07
43.92026782,2.27494E-07
43.9516542,2.27494E-07
43.98302126,2.27494E-07
44.01376605,2.27494E-07
44.04500103,2.27494E-07
44.07653403,2.27494E-07
44.10847712,2.27494E-07
44.13966322,2.27494E-07
44.17067432,2.27494E-07
44.20126176,2.27494E-07
44.23226333,2.27494E-07
44.26353025,2.27494E-07
44.29449821,2.27494E-07
44.32633352,2.27494E-07
44.35773969,2.27494E-07
44.38861609,2.27494E-07
44.42000747,2.27494E-07
44.45152497,2.27494E-07
44.48294997,2.27494E-07
44.51382256,2.27494E-07
44.54567719,2.27494E-07
44.57622266,2.27494E-07
44.60752892,2.27494E-07
44.63885283,2.27494E-07
44.67007303,2.27494E-07
44.70131207,2.27494E-07
44.73208785,2.27494E-07
44.76302028,2.27494E-07
44.79428291,2.27494E-07
44.8253665,2.27494E-07
44.85676622,2.27494E-07
44.88857675,2.27494E-07
44.92092133,2.27494E-07
44.95274162,2.27494E-07
44.98461962,2.27494E-07
45.01616955,2.27494E-07
45.0471096,2.27494E-07
45.07804084,2.27494E-07
45.11016083,2.27494E-07
45.14165926,2.27494E-07
45.17321992,2.27494E-07
45.20454669,2.27494E-07
45.23592663,2.27494E-07
45.2667985,2.27494E-07
45.29699707,2.27494E-07
45.32810783,2.27494E-07
45.3592906,2.27494E-07
45.38964415,2.27494E-07
45.42097664,2.27494E-07
45.45209646,2.27494E-07
45.48321772,2.27494E-07
45.51389766,2.27494E-07
45.54543948,2.27494E-07
45.57657266,2.27494E-07
45.60750103,2.27494E-07
45.63831091,2.27494E-07
45.6694057,2.27494E-07
45.70035338,2.27494E-07
45.73250079,2.27494E-07
45.76344228,0.000110012
45.79471302,0.000110012
45.82633471,0.000110012
45.85764933,0.000110012
45.88928127,0.000110012
45.92069793,0.000110012
45.95122671,0.000110012
45.98300958,0.000110012
46.01351881,0.000110012
46.04473209,0.000110012
46.0760076,0.000110012
46.10739088,0.000110012
46.13901854,0.000110012
46.17034817,0.000110012
46.20121002,0.000110012
46.23300052,0.000110012
46.2644968,0.000110012
46.29505229,0.000110012
46.3261416,0.000110012
46.35792971,0.000110012
46.38850379,0.000110012
46.42096639,0.000110012
46.45195079,0.000110012
46.48394275,0.000110012
46.51511049,0.000110012
46.5468297,0.000110012
46.57867146,0.000110012
46.61046076,0.000110012
46.6424737,0.000110012
46.67345142,0.000110012
46.70513988,0.000110012
46.73616338,0.000110012
46.76754689,0.000110012
46.79905915,0.000110012
46.83056331,0.000110012
46.86160994,0.000110012
46.89296913,0.000110012
46.92405915,0.000110012
46.95468903,0.000110012
46.98675108,0.000110012
47.01752591,0.000110012
47.04873633,0.000110012
47.08045197,0.000110012
47.11238623,0.000110012
47.14326978,0.000110012
47.17487431,0.000110012
47.20561862,0.000110012
47.23696303,0.000110012
47.26747561,0.000110012
47.29863381,0.000110012
47.32987499,0.000110012
47.36116862,0.000110012
47.3922646,0.000110012
47.42379785,0.000110012
47.45451283,0.000110012
47.48514152,0.000110012
47.51690149,0.000110012
47.54779983,0.000110012
47.57870531,0.000110012
47.608922,0.000110012
47.64003897,0.000110012
47.6713798,0.000110012
47.70257521,0.000110012
47.73393655,0.000110012
47.7649703,0.000110012
47.79596567,0.000110012
47.82720923,0.000110012
47.85854483,0.000110012
47.89060545,0.000110012
47.92104411,0.000110012
47.9513936,0.000110012
47.98258495,0.000110012
48.0140655,0.000110012
48.04519033,0.000110012
48.07664728,0.000110012
48.10822034,0.000110012
48.13945031,0.000110012
48.1714499,0.000110012
48.20220304,0.000110012
48.2335763,0.000110012
48.26408935,0.000110012
48.29601073,0.000110012
48.32792497,0.000110012
48.35888171,0.000110012
48.39104319,0.000110012
48.42189837,0.000110012
48.45427132,0.000110012
48.48543477,0.000110012
48.51631212,0.000110012
48.54758668,0.000110012
48.57846737,0.000110012
48.61026192,0.000110012
48.64278436,0.000110012
48.67305636,0.000110012
48.70403719,0.000110012
48.73510551,0.000110012
48.76664138,0.000110012
48.79780626,0.000110012
48.82936978,0.000110012
48.86037898,0.000110012
48.89196396,0.000110012
48.92346811,0.000110012
48.95485663,2.27494E-07
48.98645282,2.27494E-07
49.0180366,2.27494E-07
49.04865122,2.27494E-07
49.07982683,2.27494E-07
49.11162066,2.27494E-07
49.14229321,2.27494E-07
49.17364049,2.27494E-07
49.20526767,2.27494E-07
49.23668766,2.27494E-07
49.26767755,2.27494E-07
49.29844856,2.27494E-07
49.3293674,2.27494E-07
49.36116123,2.27494E-07
49.3921659,2.27494E-07
49.42356515,2.27494E-07
49.45545959,2.27494E-07
49.48580742,2.27494E-07
49.51674938,2.27494E-07
49.54798651,2.27494E-07
49.57920337,2.27494E-07
49.60979176,2.27494E-07
49.64092422,2.27494E-07
49.67248654,2.27494E-07
49.70351672,2.27494E-07
49.73437285,2.27494E-07
49.76545835,2.27494E-07
49.79707003,2.27494E-07
49.82838345,2.27494E-07
49.85965371,2.27494E-07
49.89102221,2.27494E-07
49.92252779,0.000495312
49.95335269,0.002508675
49.98503685,0.002674953
50.01578546,0.002684454
50.0471344,0.002253622
50.07855177,0.003477
50.10869956,0.008482145
50.14015651,0.022214217
50.17127395,0.033644626
50.2028594,0.042577098
50.23475409,0.058197423
50.26722217,0.074786736
50.29917312,0.102224839
50.33079982,0.124033432
50.36293936,0.156994751
50.39454484,0.187638523
50.42535615,0.211947007
50.4573586,0.250448973
50.48849869,0.294546541
50.51983714,0.321663094
50.55007458,0.361826957
50.58119988,0.372898111
50.61255622,0.421019061
50.64377236,0.45722204
50.67547679,0.502687653
50.70704508,0.533680014
50.73845053,0.56169271
50.76931667,0.593657536
50.80104661,0.620836356
50.83177114,0.63849842
50.864187,0.665592245
50.89579511,0.685882963
50.92821169,0.71131383
50.95916367,0.729438962
50.99036169,0.758308163
51.02131557,0.780220001
51.05207229,0.799614354
51.08316016,0.812877923
51.11468744,0.834493548
51.1459403,0.84090638
51.17760158,0.848214822
51.20868325,0.858248498
51.2396841,0.865019518
51.27082992,0.874009123
51.30182481,0.876726576
51.33329511,0.886239967
51.36520314,0.892762679
51.39694452,0.89843094
51.42787647,0.901729055
51.45923615,0.904990055
51.4898715,0.90899276
51.52070618,0.909478738
51.55172563,0.907767943
51.5831964,0.905879919
51.61442089,0.893794754
51.64541793,0.876586144
51.67772293,0.857571303
51.70880246,0.826025035
51.74025559,0.779798481
51.77070904,0.740839986
51.80190325,0.703644259
51.83342457,0.695490555
51.86497998,0.654053261
51.89634776,0.61725126
51.92778969,0.579934115
51.95875883,0.548226106
51.99062586,0.495617775
52.02127886,0.484103047
52.05265117,0.444853263
52.08375669,0.409259985
52.1154139,0.366131681
52.146137,0.338467336
52.1778326,0.29697977
52.20883012,0.286854268
52.23981071,0.251816692
52.27152276,0.223650114
52.30166841,0.191902106
52.33374357,0.183107137
52.36465025,0.148137532
52.39525437,0.124329295
52.42625618,0.09197026
52.45782256,0.069168268
52.48895264,0.054468009
52.51976299,0.035780995
52.55075645,0.017065213
52.5813272,0.007711565
52.61282682,0.005807011
52.64469743,0.004712647
52.67646074,0.004487396
52.70858097,0.004134365
52.74031901,0.003904183
52.77050185,0.003783027
52.8014729,0.004260113
52.83246541,0.004687088
52.8643477,0.005120005
52.89542603,0.005449149
52.92695904,0.005888004
52.95896769,0.006543179
52.99012113,0.006652891
53.02068353,0.007088899
53.05164909,0.007198611
53.08303499,0.007800296
53.11433744,0.011314246
53.14593458,0.01588691
53.17672873,0.023420798
53.20824265,0.02528834
53.24043179,0.038656641
53.27127457,0.053457034
53.30213022,0.082603915
53.3329742,0.112049281
53.36431479,0.152413374
53.39523363,0.16388465
53.42680454,0.213520384
53.45816827,0.250160145
53.48896766,0.301336706
53.51943994,0.340664757
53.55092001,0.379276245
53.58171916,0.403800782
53.61352491,0.451490249
53.64490461,0.481959609
53.67746997,0.511128734
53.70873094,0.551830151
53.74049067,0.578915237
53.77242374,0.594611642
53.80336142,0.615841199
53.83411646,0.640417056
53.8645339,0.657987607
53.89670539,0.683959602
53.92787004,0.690461849
53.95925617,0.717186079
53.99103689,0.740539933
54.02285552,0.771284676
54.05412245,0.793088948
54.08539891,0.817582079
54.11693382,0.833547085
54.14807796,0.840751184
54.17898512,0.849125807
54.20998311,0.859027675
54.24110603,0.86517059
54.27229023,0.870995824
54.30299163,0.874623612
54.33421397,0.87978233
54.36597133,0.88127112
54.39685345,0.879620891
54.4278729,0.878824687
54.45912814,0.879565027
54.49049306,0.881687784
54.52088928,0.887274793
54.55211234,0.898422459
54.583184,0.903975755
54.61495328,0.907644304
54.6470468,0.910853398
54.67854404,0.9129788
54.70957446,0.914182655
54.74029446,0.910454112
54.77075028,0.906203124
54.80192971,0.902177813
54.83360291,0.890604375
54.86489773,0.869530047
54.89608383,0.847768402
54.92762733,0.823234752
54.95864391,0.787824139
54.99022222,0.755908185
55.02152324,0.73357721
55.05338907,0.704071398
55.08419156,0.660911218
55.11619496,0.619968529
55.14854789,0.592979255
55.17968798,0.541445639
55.21139073,0.503138831
55.24248028,0.466267899
55.27324319,0.423606595
55.30510759,0.396738553
55.33649516,0.358860558
55.36797357,0.349427081
55.39945793,0.310188321
55.43058538,0.281483066
55.46260214,0.244681147
55.49338722,0.217090141
55.52474523,0.181258772
55.55658102,0.172247033
55.58734465,0.135526784
55.61865187,0.112826738
55.64984393,0.088024646
55.6809938,0.082588311
55.71295643,0.062993035
55.7453053,0.048735128
55.77713084,0.032604321
55.80844903,0.024509283
55.84001541,0.015449237
55.87091184,0.008725616
55.90271401,0.007692579
55.9337821,0.007460762
55.96460915,0.007347149
55.99617624,0.006954632
56.02778864,0.006839413
56.05970907,0.00672166
56.09107375,0.006776021
56.12226534,0.006773795
56.15417576,0.00649855
56.18577909,0.0069288
56.21670222,0.007089416
56.24841809,0.00778703
56.27948809,0.008116218
56.31046486,0.00833335
56.341223,0.008493874
56.37204218,0.008766921
56.40345621,0.008822737
56.43425679,0.009099908
56.46563125,0.010195643
56.49686098,0.014646625
56.52824712,0.023770236
56.55901361,0.032806483
56.59015131,0.049488487
56.62086749,0.054530417
56.65182996,0.076197498
56.68296599,0.094337269
56.71438622,0.123940216
56.74581265,0.150331512
56.77690005,0.179929669
56.80926561,0.202079989
56.8403523,0.251330994
56.87192011,0.293310482
56.90282369,0.339387395
56.93327522,0.372075621
56.96464968,0.393141332
56.99611878,0.426309527
57.02720928,0.47496281
57.05852151,0.50918977
57.0900023,0.542200056
57.12158704,0.560189583
57.15306282,0.605743194
57.18479681,0.639773027
57.21621895,0.664977137
57.24789953,0.700344385
57.27982044,0.721210427
57.31043887,0.745221325
57.3406446,0.750910691
57.37199473,0.767548642
57.40280557,0.778976443
57.43476772,0.791273453
57.46721125,0.801486598
57.49845767,0.811060554
57.53043389,0.82546106
57.56160522,0.837226447
57.59319448,0.843875124
57.62432504,0.849197289
57.65566993,0.848048434
57.68669868,0.848151799
57.71789742,0.850511318
57.74953127,0.854464617
57.78075743,0.857033823
57.81190801,0.86017189
57.84340882,0.862901024
57.87499475,0.864647535
57.90618372,0.866530031
57.93755913,0.867140042
57.9685638,0.869621059
57.99993539,0.872458594
58.03110957,0.877596904
58.06253719,0.879381384
58.09408832,0.883517611
58.12520599,0.884056624
58.1560657,0.883153686
58.18826485,0.879518895
58.21887469,0.877371956
58.24976897,0.874079688
58.28034139,0.870790011
58.31180143,0.866409983
58.34343457,0.856205219
58.37521529,0.833415372
58.40701914,0.826773613
58.43740654,0.796308794
58.46819687,0.768944579
58.49986863,0.727633375
58.53132582,0.699498872
58.56259632,0.652705289
58.59375358,0.611732391
58.62494755,0.583674197
58.65565586,0.544591222
58.68690777,0.488063527
58.71854234,0.445528757
58.74959111,0.404344608
58.78159046,0.392798931
58.81353927,0.34405374
58.84496307,0.3096024
58.87544012,0.270202969
58.90688682,0.26132169
58.93752337,0.223697814
58.96846485,0.198280475
58.99996901,0.163441207
59.03003097,0.139004999
59.06149673,0.125015537
59.0930109,0.107188959
59.12289596,0.089816003
59.15395617,0.077507369
59.18545651,0.067755179
59.21592593,0.061395843
59.24709105,0.045414594
59.27761555,0.028380324
59.30854774,0.021183043
59.34065509,0.014242597
59.37259579,0.012915051
59.40420914,0.011743956
59.43574691,0.011350451
59.46692562,0.011890895
59.49922252,0.012103178
59.52973437,0.011824493
59.56093311,0.011545555
59.59145856,0.011434089
59.62242079,0.011653786
59.65403485,0.011976932
59.68510175,0.012412661
59.7161622,0.012519506
59.74732161,0.011911661
59.77814627,0.01174288
59.80913281,0.01174288
59.84017849,0.011959188
59.87090087,0.012175727
59.90171885,0.013821656
59.93296576,0.01601685
59.96414852,0.021270397
59.99491978,0.03104698
60.02608657,0.045344727
60.05770993,0.071809688
60.08880973,0.079491292
60.12103009,0.113492534
60.15257359,0.1411646
60.18388653,0.180502673
60.21596217,0.213361718
60.24693465,0.259811481
60.27802062,0.296811367
60.30939388,0.32265482
60.34065223,0.359668826
60.37169695,0.410382842
60.40327835,0.44893528
60.43427277,0.4846648
60.46639943,0.509398297
60.49699759,0.559004308
60.52785683,0.589543558
60.55849648,0.617784575
60.5897541,0.633975671
60.62068367,0.662064492
60.65112972,0.681020084
60.68206811,0.699864992
60.71356654,0.723840235
60.74435043,0.73918638
60.77537012,0.759148266
60.80702829,0.780266702
60.83881783,0.795560754
60.87062025,0.808115965
60.9017024,0.82188614
60.9335506,0.83106293
60.96456957,0.83628512
60.99540424,0.837458086
61.02633858,0.844474134
61.05802417,0.84790415
61.08901978,0.850909573
61.1194756,0.852236616
61.15006948,0.853195008
61.18093538,0.855837068
61.21220326,0.859826767
61.24398971,0.864825506
61.27515721,0.868489694
61.30610776,0.874359255
61.33813548,0.875208269
61.36943245,0.8794257
61.3994503,0.883030239
61.41565824,0.884409415
61.44680452,0.885157627
61.47871351,0.885175218
61.50909328,0.885055783
61.53920269,0.882074886
61.5702343,0.877579128
61.60125899,0.864872493
61.63280368,0.857505631
61.66431451,0.845036015
61.69518781,0.829671557
61.72636485,0.795472344
61.75819278,0.763157697
61.7892096,0.739756118
61.82034993,0.700256462
61.85132456,0.639077159
61.88318491,0.594301316
61.91332459,0.539915702
61.94333386,0.524886869
61.97400975,0.464286939
62.00560737,0.42629383
62.0363071,0.373059811
62.06760955,0.330576223
62.09828806,0.286677851
62.12955141,0.276869283
62.16058135,0.236609467
62.19176435,0.209878707
62.22407866,0.183581382
62.25419044,0.164637935
62.2853241,0.143552355
62.31620717,0.127359543
62.34797215,0.096229473
62.37945437,0.071696935
62.41060567,0.051343426
62.4431622,0.031363863
62.47451425,0.025041735
62.50476313,0.016059464
62.53565526,0.012709801
62.56707644,0.010609711
62.59800482,0.009084252
62.62929273,0.008425459
62.66042662,0.008087961
62.69104004,0.009100091
62.72178078,0.010337082
62.753685,0.011808975
62.7849648,0.01213911
62.81660271,0.012297945
62.84828019,0.012191081
62.87957501,0.012301093
62.91049027,0.012248803
62.94242954,0.012187748
62.97327399,0.012352666
63.00459433,0.013174102
63.03517079,0.013613503
63.06647086,0.014768405
63.09859705,0.018509897
63.13000965,0.023102761
63.16043043,0.029519759
63.19178843,0.031877932
63.22316337,0.048372417
63.25428987,0.066526678
63.28580523,0.100524256
63.31793213,0.134031594
63.34983182,0.159004585
63.38166475,0.199031423
63.4125042,0.257594302
63.44397497,0.302232814
63.47551632,0.348541068
63.50733209,0.409001078
63.53909731,0.450642961
63.56974101,0.501165551
63.60091805,0.51204474
63.63286662,0.552262448
63.66424274,0.5807698
63.69512773,0.615504099
63.72583842,0.643265063
63.75668144,0.660755281
63.78721786,0.690826879
63.81854272,0.734715928
63.84983015,0.763502128
63.88113689,0.788902473
63.91242266,0.7940471
63.943923,0.812992386
63.97514009,0.821913995
64.0063765,0.829248411
64.03744316,0.830415943
64.06850123,0.836832672
64.10036397,0.8412346
64.13168907,0.842641907
64.16339135,0.845734431
64.19449186,0.848234148
64.22602201,0.852345685
64.25745273,0.855209846
64.2886138,0.857102619
64.31972075,0.857088812
64.35074377,0.856975774
64.38226771,0.858164206
64.41411233,0.859358727
64.44513273,0.859840074
64.47587633,0.86177244
64.50821447,0.863341892
64.54033208,0.864009702
64.57117438,0.863239423
64.60142303,0.861610472
64.632936,0.858557754
64.66492176,0.85049116
64.69683933,0.840384476
64.72942114,0.830540077
64.76097035,0.820648919
64.79274821,0.778286593
64.82349586,0.74935445
64.85495019,0.743013664
64.88628721,0.706479943
64.91808462,0.670144343
64.94985485,0.625070997
64.98121548,0.593372514
65.01413202,0.568340641
65.04545307,0.524000446
65.0773747,0.465902873
65.10850692,0.42124493
65.13947773,0.360809517
65.17112899,0.321660011
65.20241976,0.284476044
65.23398399,0.23698802
65.26547837,0.215537139
65.29630923,0.183661729
65.32673216,0.149428537
65.35893106,0.102969344
65.39037657,0.085940202
65.42140102,0.064655298
65.45247936,0.040066385
65.48358083,0.029187603
65.51506734,0.022607291
65.54682684,0.018860643
65.5783453,0.015893757
65.60921741,0.014394746
65.64164209,0.013665618
65.67205167,0.012512027
65.70272803,0.012990093
65.73328066,0.013150701
65.7649436,0.012925636
65.79660416,0.012644124
65.8277421,0.012365771
65.85896063,0.011811776
65.89008451,0.010931155
65.92059565,0.009794236
65.95171952,0.009631242
65.98311305,0.010062944
66.01383591,0.010116576
66.04575229,0.009947225
66.07772374,0.009997352
66.1082139,0.010050652
66.13973856,0.010599149
66.17150927,0.011037946
66.20234632,0.012348064
66.23271108,0.016303536
66.26418138,0.01978619
66.29600096,0.026152357
66.32763243,0.040890989
66.35825086,0.056781124
66.39004517,0.08277377
66.42060161,0.090957112
66.45176697,0.129098796
66.48333764,0.161553345
66.51458693,0.204988312
66.545856,0.239714572
66.57710361,0.289915423
66.60834861,0.331995784
66.63969183,0.359506656
66.67077756,0.401316345
66.70171833,0.452900408
66.73222327,0.491484516
66.76348162,0.531824397
66.79475951,0.558152635
66.82660532,0.610392811
66.85839915,0.644734929
66.88989663,0.676667801
66.92076516,0.699066746
66.95112777,0.733155881
66.9821763,0.750844347
67.01374817,0.770253116
67.04494429,0.785347349
67.076267,0.790216035
67.1076436,0.798052232
67.13904262,0.804971772
67.17054915,0.815085557
67.20142269,0.823272465
67.23173475,0.830654351
67.26315618,0.836921426
67.29450178,0.840243374
67.32596421,0.844418862
67.35734153,0.847898335
67.38847589,0.851671798
67.42012143,0.853414109
67.45101786,0.855106469
67.48192048,0.855819276
67.51355314,0.856758249
67.54564404,0.857310527
67.57624865,0.85852988
67.60697627,0.859132073
67.63827348,0.859815624
67.66945076,0.860919696
67.70051885,0.860972062
67.73274875,0.859760969
67.76299167,0.855716967
67.79479742,0.854425151
67.82680202,0.843976587
67.85829592,0.832172135
67.89015889,0.816351874
67.92024422,0.803080491
67.95134997,0.781548535
67.98253298,0.767308086
68.01300883,0.755324062
68.04343796,0.732921524
68.07544494,0.707573771
68.10612798,0.666630479
68.13667989,0.628541835
68.16765499,0.60468008
68.19986963,0.552022049
68.23078871,0.507545771
68.2628386,0.462210262
68.29410601,0.410965946
68.32510757,0.383373125
68.356493,0.345021587
68.38735294,0.30643189
68.41922617,0.264368822
68.4509201,0.229806211
68.48191023,0.203384293
68.51343989,0.158874187
68.54481006,0.111660815
68.57627964,0.079013
68.60718536,0.043705481
68.63846636,0.029535495
68.67008805,0.02076501
68.70161033,0.016964385
68.7324357,0.015751738
68.76352096,0.015460551
68.79497027,0.014634381
68.82620406,0.014299402
68.85714817,0.014186923
68.88894939,0.014183871
68.92055392,0.014287786
68.95147252,0.014012352
68.98277092,0.013730592
69.01439548,0.0132296
69.04541707,0.012953687
69.07683206,0.012618712
69.10748243,0.012286521
69.13813925,0.01195164
69.16960955,0.011838032
69.2013464,0.011561396
69.23249531,0.011336764
69.26362848,0.011112856
69.29530334,0.01099943
69.32594514,0.011271031
69.35737085,0.012148395
69.38959789,0.013797411
69.42067385,0.015280762
69.4525187,0.022462783
69.4829843,0.029535154
69.5142715,0.040727345
69.54566455,0.061935986
69.57740498,0.085093251
69.60883427,0.103333853
69.63966298,0.133212744
69.6713028,0.178720907
69.70188689,0.216706363
69.73292947,0.273841271
69.7644186,0.288067082
69.79471231,0.344643535
69.82641578,0.385804722
69.85785818,0.438883233
69.88945389,0.451065867
69.92084479,0.501140574
69.95231247,0.53874883
69.98412228,0.575432537
70.01552463,0.59930428
70.04705787,0.630218571
70.07811761,0.650000747
70.10969925,0.669615719
70.14061451,0.68363184
70.17229056,0.709845839
70.20382524,0.72667534
70.23502755,0.743092529
70.2670486,0.754326374
70.29858828,0.775013744
70.33020568,0.787747676
70.36155057,0.801634273
70.39244938,0.814058079
70.42397308,0.818509078
70.45565462,0.826138735
70.48703766,0.827594194
70.51832485,0.832135002
70.54935098,0.835741314
70.58022809,0.837919094
70.61169791,0.839506567
70.64375138,0.839900667
70.67512488,0.839492064
70.70615983,0.840414153
70.73796296,0.842012685
70.77013826,0.841912058
70.80047941,0.840716117
70.83270764,0.840218079
70.8645575,0.839578922
70.89549208,0.83853101
70.92639327,0.835783767
70.95752692,0.833346157
70.98904347,0.830803308
71.02072716,0.825175628
71.05244279,0.816907716
71.08436465,0.809330784
71.11512423,0.796232748
71.14609981,0.786506029
71.17705441,0.777834483
71.20859361,0.763638876
71.23967957,0.748946127
71.27067327,0.737796509
71.30156517,0.720096837
71.33254766,0.693400428
71.36303067,0.672565235
71.39414382,0.636346224
71.42601967,0.625599067
71.45762062,0.582298371
71.48995709,0.55007442
71.52085471,0.500727822
71.55162287,0.488455185
71.58367705,0.450075369
71.61408758,0.425110442
71.64547729,0.381803324
71.67658687,0.353623016
71.70787191,0.338069402
71.73901057,0.313933654
71.76944399,0.280389128
71.80049944,0.258019064
71.83205986,0.224160747
71.86314631,0.195530433
71.89486289,0.162026791
71.9261744,0.154804657
71.95737934,0.122352884
71.9887445,0.099919692
72.01968193,0.074761626
72.05050039,0.056113339
72.08235741,0.043131237
72.11289358,0.028809535
72.14519262,0.019798413
72.17626739,0.01579783
72.20795107,0.012535125
72.23931551,0.011608314
72.2706244,0.010237457
72.30139184,0.01011396
72.33265638,0.010162174
72.36381197,0.011441911
72.39505887,0.012095935
72.42720819,0.01204225
72.45828247,0.01181565
72.48984981,0.011313444
72.520509,0.01092392
72.55052996,0.010697321
72.58242941,0.010470722
72.61359549,0.010414418
72.64553404,0.010466974
72.67689252,0.010407085
72.7078402,0.010569279
72.73802042,0.010728637
72.76943469,0.010996889
72.8004427,0.011983586
72.83259058,0.016761755
72.86359262,0.024101161
72.89480591,0.034999843
72.92689347,0.055029145
72.95877171,0.070675779
72.98948026,0.095759807
73.0206697,0.134340859
73.05276895,0.165322295
73.08390665,0.213475021
73.11579061,0.251599403
73.14718533,0.276193773
73.17950821,0.312881506
73.2107954,0.364895931
73.24137163,0.402831733
73.27293253,0.458244751
73.30381751,0.495715654
73.33500719,0.52129575
73.36608672,0.557385324
73.39694858,0.603402574
73.42889166,0.630563929
73.46015048,0.652477579
73.49156308,0.665849946
73.52322388,0.688055996
73.55396819,0.704039128
73.5847559,0.717576549
73.61690044,0.733014164
73.64814782,0.743190736
73.67925024,0.759477937
73.70985699,0.772046787
73.74137497,0.787212666
73.77192545,0.796611535
73.80396152,0.805047053
73.83594036,0.813152915
73.86640453,0.818351945
73.89876342,0.825147393
73.92986536,0.83397698
73.9611516,0.839425741
73.99241662,0.843774278
74.02383494,0.845352851
74.05512905,0.85161866
74.08674836,0.855143788
74.11749244,0.856724382
74.14946008,0.85550928
74.18022084,0.855029749
74.2115798,0.854955705
74.24255395,0.855509562
74.27329397,0.856010908
74.30362177,0.856678122
74.3350718,0.854251027
74.36641741,0.853025104
74.39781928,0.845121678
74.429528,0.836309826
74.46133447,0.818233933
74.49265742,0.806429062
74.52356935,0.781911756
74.55403376,0.772916083
74.58564496,0.73656245
74.6158576,0.711965379
74.64793062,0.66793915
74.67902112,0.628232967
74.7104013,0.595199501
74.7412138,0.571304301
74.77211046,0.515584108
74.80374026,0.475526939
74.83459592,0.438256062
74.86596656,0.384294286
74.89674091,0.356656102
74.92848444,0.317674544
74.9595964,0.277498432
74.99099803,0.228890984
75.02257419,0.195069857
75.05290914,0.172969718
75.08400106,0.142003299
75.11414361,0.102484487
75.14571381,0.071066999
75.1768682,0.052104009
75.20799804,0.029270035
75.23914981,0.015944268
75.27044725,0.013053785
75.30160499,0.011065611
75.33375406,0.010091451
75.36503077,0.009522843
75.39618969,0.009190429
75.42741895,0.009129625
75.45828104,0.009261548
75.49003291,0.009404167
75.52174687,0.008412608
75.55362892,0.007384276
75.58454728,0.006779591
75.61513996,0.006225105
75.64657354,0.006118244
75.67807221,0.006494685
75.70998263,0.006976345
75.74116158,0.007192457
75.7728014,0.008913682
75.80472183,0.009292205
75.83601856,0.010000561
75.86755943,0.011208651
75.89873242,0.015996315
75.92947531,0.020363049
75.96074152,0.024199653
75.99135709,0.026474943
76.02280354,0.032836193
76.0547204,0.043782591
76.08699512,0.055374253
76.11803436,0.078206812
76.14944458,0.099132066
76.18062854,0.114789808
76.21094203,0.142096391
76.24189854,0.184028412
76.27311039,0.218979943
76.30370092,0.274482975
76.33497238,0.289053428
76.36626005,0.347140502
76.39782619,0.390117708
76.42926908,0.448968719
76.46082139,0.464351806
76.49225903,0.518763911
76.52393579,0.557934176
76.55515337,0.602597566
76.58706951,0.632064449
76.61850238,0.652997639
76.65022397,0.68316518
76.68237686,0.704790143
76.71374822,0.717423247
76.74516582,0.735429796
76.7768302,0.757745542
76.80815268,0.776651918
76.84045053,0.795272386
76.8719945,0.799675391
76.9038136,0.816412956
76.93472838,0.823525325
76.96645331,0.827999757
76.99749112,0.830587097
77.02898645,0.832471404
77.06021118,0.833284468
77.09171271,0.833265653
77.12331367,0.834402104
77.15479541,0.836896582
77.18638086,0.839563851
77.21713567,0.84174697
77.24809861,0.843912208
77.28025079,0.846218042
77.31004643,0.846211755
77.34168243,0.846572018
77.37275362,0.846137564
77.40366101,0.845456118
77.43546724,0.843943242
77.46657228,0.842170203
77.49707198,0.83640026
77.52850056,0.828497762
77.54442787,0.821753917
77.57585502,0.810162112
77.60774755,0.80169415
77.63795304,0.786797184
77.66949773,0.75902705
77.70079732,0.73682845
77.7324667,0.699928038
77.76408815,0.678798655
77.79594541,0.644248634
77.82757902,0.611812758
77.85945821,0.567294939
77.89128017,0.527056096
77.92337322,0.477912594
77.95520997,0.441225897
77.98587537,0.415922521
78.01699138,0.382193862
78.04775667,0.3418555
78.07906866,0.311348154
78.11050081,0.26795988
78.14135265,0.258169662
78.17274356,0.219214977
78.20411587,0.188592463
78.23620367,0.144364431
78.2680459,0.105751163
78.29914856,0.070950135
78.33083463,0.028501341
78.3623383,0.018466732
78.39397478,0.011287476
78.4245398,0.008434808
78.45663047,0.006032242
78.48880458,0.005562846
78.51991773,0.004945892
78.55099201,0.004334715
78.58227253,0.004963248
78.61329556,0.006346093
78.64461946,0.006926264
78.67610097,0.006869517
78.70705509,0.00682434
78.73835754,0.007257555
78.76947093,0.007958502
78.80032325,0.008009804
78.83208704,0.008338934
78.8633368,0.008442653
78.89437532,0.008326952
78.92568946,0.008436662
78.95748973,0.008320961
78.98876739,0.00842782
79.0199399,0.008205261
79.05069947,0.007541007
79.08179355,0.007481518
79.11314631,0.008028919
79.14462018,0.008682116
79.17590594,0.011645888
79.20750475,0.016434783
79.23759794,0.02376172
79.26920033,0.027279278
79.30099821,0.045125357
79.33117199,0.063712756
79.36327052,0.085596681
79.39395332,0.102334646
79.42517781,0.140940995
79.45608163,0.176701119
79.4870007,0.217859603
79.51878381,0.275466512
79.54979014,0.307165631
79.58080411,0.357299724
79.61225343,0.405183637
79.64355683,0.463672967
79.67453361,0.503756948
79.7059803,0.549273711
79.73683953,0.569857668
79.76857829,0.596773659
79.79978275,0.619329771
79.83052588,0.646824397
79.86189604,0.663906289
79.89396262,0.692216532
79.92527819,0.69924492
79.95620394,0.723224284
79.98807597,0.741002964
80.01913881,0.74764132
80.05035734,0.753404286
80.08204532,0.757196093
80.11345696,0.763721587
80.14426231,0.770610192
80.1749475,0.776350377
80.20623779,0.781635809
80.23759699,0.784477545
80.26935339,0.789500557
80.29997063,0.795236084
80.33161879,0.797754979
80.36305094,0.799510683
80.39480782,0.800919181
80.42542529,0.802134346
80.45725393,0.803020061
80.4894011,0.804367043
80.52195215,0.804934115
80.55238748,0.802136238
80.58374882,0.799122819
80.6149478,0.796091114
80.64658403,0.790419024
80.67804146,0.786735247
80.70911908,0.780069179
80.7406795,0.768587344
80.77137756,0.74249775
80.80252504,0.732161372
80.83398032,0.714239109
80.86524415,0.686058978
80.89691854,0.633785282
80.92739248,0.60431219
80.95821691,0.569360901
80.98937774,0.558646445
81.02056122,0.505498586
81.05182886,0.465083152
81.08335185,0.422694872
81.11435604,0.386930121
81.14521837,0.337087545
81.17613554,0.31160397
81.20839572,0.29365938
81.23930097,0.262290636
81.27057695,0.220429264
81.30240703,0.19597116
81.33317161,0.171953696
81.36451864,0.155216682
81.39559174,0.121544309
81.42665768,0.100431973
81.45822406,0.076317744
81.48968005,0.070775831
81.52106595,0.050611481
81.55216503,0.036065124
81.58303928,0.023572002
81.61449838,0.016380904
81.64509296,0.010983518
81.67632127,0.00891702
81.708143,0.005816288
81.73946452,0.005487531
81.7709229,0.005316477
81.80161452,0.005198949
81.83312345,0.005244548
81.86422777,0.005291421
81.89539528,0.005237886
81.92780447,0.00506435
81.95911312,0.004950932
81.99138832,0.005166284
82.02380919,0.005812955
82.05566573,0.006454616
82.08600926,0.00700256
82.11804366,0.007323388
82.14943266,0.007652151
82.18009043,0.008090502
82.21129704,0.008740086
82.24268842,0.009288019
82.27387619,0.009782616
82.30572033,0.01098811
82.33800077,0.014291687
82.36905527,0.017550484
82.40091443,0.02316004
82.43216062,0.027581282
82.46335292,0.037316301
82.49498534,0.046316199
82.52643013,0.065452591
82.55738544,0.096664274
82.58843374,0.122683624
82.61951756,0.141246282
82.65029931,0.17756563
82.68150663,0.206462069
82.71330738,0.236535877
82.74353862,0.28590402
82.7743566,0.311018162
82.80544448,0.346765363
82.83736634,0.382594539
82.86813235,0.436438514
82.89979649,0.473761513
82.93127465,0.51968985
82.96240687,0.549991187
82.99354672,0.571887687
83.02556276,0.599399437
83.05688071,0.626756077
83.08850241,0.646904552
83.11957812,0.674059024
83.15094113,0.679597973
83.18210554,0.701606089
83.21407819,0.719229403
83.24562597,0.736929346
83.27675223,0.748641407
83.30858278,0.75679245
83.33948517,0.767180063
83.37117076,0.778023314
83.40235782,0.783282352
83.43393135,0.786339776
83.46456647,0.789109657
83.49558568,0.791698762
83.52728748,0.793427838
83.55826187,0.794729576
83.58975625,0.797004322
83.62038088,0.798408399
83.65179396,0.799709654
83.68286586,0.802054882
83.71418285,0.802104012
83.74558043,0.802526655
83.77725148,0.802954901
83.80833101,0.802920733
83.8400259,0.802881754
83.87153101,0.801647975
83.90301251,0.801511117
83.93367338,0.797930146
83.96440434,0.790486563
83.99575353,0.774034407
84.02684736,0.768722552
84.05896163,0.750329957
84.09106088,0.733804956
84.12246895,0.711541054
84.15389848,0.691152755
84.18448758,0.665486258
84.21531534,0.639088028
84.24703217,0.618343121
84.27865124,0.586596447
84.31024313,0.548077962
84.3420949,0.516727506
84.37413669,0.470808381
84.40517616,0.460034409
84.43626523,0.416285525
84.46734762,0.380798546
84.49818921,0.328258589
84.53004766,0.28916646
84.5613718,0.266757607
84.592489,0.231935847
84.62388396,0.179080336
84.65538645,0.140865677
84.68691611,0.110499714
84.71804333,0.079940842
84.74943519,0.056284319
84.78074098,0.031164131
84.81268811,0.02681942
84.84439445,0.014495731
84.87571645,0.010401059
84.9074285,0.006874815
84.93922758,0.006749589
84.97098255,0.006574974
85.00273228,0.006230836
85.03397655,0.006535334
85.0652492,0.006905332
85.09632373,0.008127112
85.12816906,0.00904528
85.15952563,0.009483758
85.19133019,0.009812615
85.223387,0.009695504
85.25570154,0.009578393
85.28594065,0.009461282
85.31753397,0.009234552
85.34933162,0.009124932
85.38055086,0.009234552
85.41269636,0.009227061
85.44336653,0.009003986
85.47488689,0.009329189
85.50645232,0.011411949
85.5378089,0.012296387
85.56931829,0.017981551
85.60070205,0.022882135
85.63224483,0.034193104
85.66365099,0.048334944
85.69530535,0.06291878
85.72586989,0.087377704
85.75742197,0.100493792
85.78824377,0.121155785
85.81905699,0.142894803
85.8497057,0.172853462
85.88059902,0.196073528
85.91133308,0.212643335
85.94356728,0.240172741
85.9747355,0.278785085
86.00709653,0.311903667
86.03865266,0.357473735
86.06932545,0.368746332
86.10005093,0.41115475
86.13101554,0.43889702
86.16243958,0.474435234
86.19378233,0.495315164
86.22568417,0.508142642
86.25705004,0.526499537
86.28942752,0.551320218
86.32092667,0.569484937
86.35218024,0.596062149
86.3837347,0.613091716
86.41575718,0.635260607
86.44683504,0.651971208
86.47781062,0.662169833
86.50930452,0.676565636
86.54032731,0.696975973
86.57120728,0.70883327
86.60262156,0.713016264
86.63278794,0.718207237
86.66412997,0.723779551
86.69542098,0.72988307
86.72692132,0.730858106
86.75781488,0.732191103
86.7893424,0.734150039
86.82071877,0.737638936
86.85258937,0.740020333
86.88377237,0.745365575
86.91474271,0.747486856
86.94687986,0.747168582
86.97820067,0.746476327
87.00912666,0.74539251
87.04025483,0.745344825
87.07168102,0.743402584
87.1037333,0.736899509
87.1343205,0.732388543
87.16544795,0.723408968
87.19633579,0.721063651
87.22749281,0.709899624
87.25935459,0.702661561
87.29015207,0.689205306
87.32198858,0.684912839
87.3526845,0.670697813
87.38334036,0.656381188
87.41487765,0.628743183
87.44620347,0.602693015
87.47772527,0.586861221
87.50847101,0.561998839
87.53957629,0.522931147
87.57086539,0.491477914
87.6026454,0.453742193
87.63379097,0.425673466
87.66624713,0.38371501
87.69675207,0.372226447
87.72829866,0.328748495
87.75988245,0.298296093
87.79150939,0.261374428
87.82264328,0.232864857
87.85368013,0.204513555
87.88501024,0.187005938
87.91663766,0.153474142
87.94818807,0.126917318
87.97898865,0.090151416
88.01113677,0.06053379
88.04235792,0.018488715
88.07332635,0.010025639
88.10482264,0.007024713
88.13612294,0.0069837
88.16751313,0.007189863
88.19875002,0.007028728
88.22967482,0.006366312
88.26090813,0.005645607
88.29190302,0.005847395
88.32366872,0.007295211
88.35514259,0.00854005
88.38599181,0.009352839
88.41708064,0.009463266
88.44892097,0.009516045
88.48058605,0.009570421
88.51219988,0.009457539
88.54342723,0.009234818
88.57473969,0.009065661
88.60606337,0.008570169
88.6377387,0.008233614
88.6693666,0.008227557
88.70016193,0.00817302
88.73172688,0.008063049
88.76348162,0.008169433
88.7942996,0.008993581
88.82597899,0.012071672
88.85740471,0.018867213
88.88870573,0.024258134
88.91951585,0.032488839
88.95062399,0.044483203
88.98246503,0.071156961
89.01372814,0.088720548
89.04544401,0.125989614
89.07765222,0.152045808
89.1088028,0.174665212
89.14039731,0.188428459
89.17183161,0.218745762
89.20285225,0.24512844
89.2335608,0.270352004
89.26449013,0.287115584
89.29686213,0.317207426
89.3277123,0.339775295
89.35929227,0.363381797
89.39061666,0.396838899
89.42224288,0.42847029
89.45285463,0.477259072
89.48455739,0.508062872
89.5158124,0.527518216
89.5466466,0.553409356
89.57771397,0.59595626
89.60890532,0.624423478
89.6403265,0.652060429
89.67089963,0.658146389
89.70342016,0.680569697
89.73450804,0.69464518
89.76519203,0.707546178
89.79621458,0.710065867
89.82763505,0.71796798
89.85873318,0.721703194
89.88999414,0.724973271
89.92164302,0.724916032
89.95417738,0.725246696
89.9845705,0.725613619
90.01609325,0.726613425
90.04740834,0.727672066
90.07932472,0.728040243
90.11125636,0.728993182
90.14227557,0.7300199
90.1737566,0.730757519
90.20506787,0.730692772
90.2362361,0.730346123
90.26698923,0.729716696
90.29823494,0.729098028
90.32968259,0.727721677
90.36078477,0.722822098
90.39197016,0.718485347
90.42262435,0.704198606
90.45363712,0.684979528
90.4852674,0.665567671
90.51619148,0.648341778
90.54715848,0.637560726
90.57786727,0.616328145
90.60875273,0.596994825
90.63965702,0.571771247
90.67184329,0.550400672
90.70279264,0.532025692
90.73392415,0.502662013
90.76451039,0.466673557
90.79587317,0.434502753
90.8267417,0.38831037
90.85769868,0.378257901
90.88995051,0.342555202
90.92169905,0.315129194
90.95250368,0.278245596
90.98420167,0.254498348
91.01559591,0.231269632
91.04669166,0.198439927
91.07808995,0.181264333
91.10954571,0.156398236
91.14054656,0.126035199
91.17236018,0.104529373
91.20341825,0.082333516
91.23448563,0.066151113
91.26603675,0.028989555
91.29726195,0.020358915
91.3289609,0.013644107
91.36019278,0.009394231
91.39144897,0.008792544
91.42239118,0.006267742
91.45349813,0.005215737
91.48449373,0.004985417
91.51485705,0.004982295
91.54614353,0.005572009
91.57774115,0.006274471
91.60928845,0.006548219
91.64025474,0.007420732
91.6725049,0.008454654
91.70382929,0.008945614
91.73577642,0.008948382
91.76693487,0.008839894
91.79803538,0.008949694
91.82896209,0.008781763
91.86010456,0.008617643
91.891186,0.008505966
91.92311168,0.008450357
91.95360351,0.008783916
91.98454022,0.009225281
92.01570749,0.012805939
92.04686856,0.017006046
92.07861376,0.023414372
92.11087036,0.026825513
92.14320564,0.035726507
92.17434931,0.047053259
92.20666862,0.061307865
92.23692489,0.082527641
92.26844215,0.101460914
92.29963827,0.130826913
92.33105493,0.155462083
92.36251211,0.193447523
92.39239073,0.204021167
92.42405319,0.244602225
92.45508337,0.274822064
92.48556399,0.315926908
92.51706767,0.326424488
92.54865074,0.369498791
92.57922769,0.402593633
92.6093502,0.440775562
92.64093685,0.470251348
92.67214727,0.488359421
92.70326638,0.51237151
92.73431444,0.537905994
92.76626205,0.553853283
92.79779005,0.572205296
92.82914782,0.587316968
92.85961986,0.615393402
92.89086366,0.631336631
92.92316222,0.648649612
92.95423222,0.673146432
92.98566961,0.685897196
93.01714826,0.700346636
93.04774308,0.704498729
93.07961631,0.721676467
93.11078811,0.730926173
93.14197564,0.744411868
93.17401004,0.753865012
93.20507383,0.761072743
93.23584795,0.769017579
93.26616979,0.781328354
93.29826498,0.791020916
93.32918859,0.802213862
93.36030674,0.804822318
93.39131212,0.816267834
93.42274094,0.82515752
93.45414424,0.834383
93.48527145,0.836637526
93.51678848,0.848081287
93.54848146,0.857338292
93.57993698,0.862234478
93.61082339,0.864538021
93.6421864,0.867836604
93.67337108,0.874507415
93.70419765,0.878937671
93.73552227,0.881077931
93.76682234,0.88110802
93.79748988,0.881646167
93.82861328,0.882955754
93.86037135,0.883726934
93.89168453,0.883653216
93.92225409,0.883015944
93.95342779,0.881599227
93.98438597,0.873701476
94.01549888,0.863285984
94.04656339,0.856221148
94.07795882,0.849661665
94.1094048,0.832230012
94.14077973,0.813227776
94.17181945,0.794131076
94.20337868,0.762639493
94.23437834,0.741855663
94.2649467,0.712323309
94.29650736,0.682967396
94.32764983,0.632510821
94.35876703,0.606610607
94.38989973,0.575570358
94.42226982,0.545015356
94.45350409,0.500236318
94.48433685,0.468461188
94.51503682,0.425970346
94.54616594,0.391811464
94.57701111,0.368477414
94.60900211,0.333461033
94.64181519,0.287874719
94.67357564,0.255754858
94.70501161,0.219604332
94.73624778,0.191104852
94.76823378,0.175017969
94.79956365,0.152438788
94.83087683,0.120648196
94.86212301,0.098435838
94.89295197,0.073050501
94.92446399,0.067062982
94.95553041,0.040953589
94.98671031,0.024302049
95.01836705,0.013939
95.04829359,0.011736704
95.07963824,0.011559972
95.11055446,0.011604995
95.14191341,0.011437208
95.17428756,0.011602145
95.20576882,0.011931638
95.23684859,0.01286546
95.26697302,0.014184076
95.2982738,0.014131794
95.32889557,0.014240129
95.35927844,0.015834272
95.39089131,0.016437121
95.42189455,0.016272433
95.45246434,0.016492072
95.48356819,0.016881446
95.51497006,0.017156973
95.546422,0.017763368
95.57748175,0.018927596
95.60890698,0.020247229
95.64028549,0.021130298
95.67153907,0.021359597
95.70354199,0.022800217
95.73529434,0.025125036
95.76625681,0.032368442
95.79808974,0.034776802
95.82912946,0.048800627
95.8613677,0.062453197
95.89215684,0.086003548
95.9236753,0.1094064
95.95397115,0.135720204
95.98568511,0.175967914
96.0166049,0.208119805
96.04763508,0.22950098
96.07911849,0.262858773
96.10989785,0.308791232
96.14130378,0.340576865
96.17256641,0.386493294
96.20465851,0.399365318
96.23715329,0.453953141
96.2678678,0.496053858
96.29892921,0.542762764
96.33094716,0.574120421
96.36244798,0.592577692
96.39372516,0.614970268
96.42409539,0.636799109
96.45609021,0.650703906
96.4867928,0.665630814
96.51914692,0.675900587
96.55047035,0.690007045
96.58186984,0.697899721
96.61364818,0.716554281
96.64379358,0.730748647
96.67552447,0.742190403
96.7068851,0.760458258
96.73795056,0.773441426
96.76956844,0.78093844
96.80062819,0.790770371
96.83227611,0.800204236
96.86391354,0.807152615
96.89512134,0.810121583
96.92656112,0.817183794
96.95804071,0.822913106
96.98956895,0.826856028
97.02027225,0.83381231
97.05178642,0.837088232
97.08287454,0.83799825
97.11428308,0.83862212
97.14546704,0.840342022
97.17662215,0.840809993
97.20807004,0.840219879
97.23926044,0.839583259
97.27003384,0.839119654
97.30117774,0.837387275
97.33193231,0.832175978
97.36412835,0.822763028
97.39570522,0.812097386
97.4271841,0.789914328
97.45813847,0.785150057
97.48878837,0.761786677
97.52093434,0.738142919
97.55228209,0.703890697
97.58343124,0.676655956
97.61501145,0.657111532
97.64559841,0.62373142
97.67682695,0.582669338
97.70750999,0.557620391
97.7391603,0.518159156
97.76996875,0.507018514
97.80105281,0.458819492
97.831815,0.423931027
97.86236286,0.36903698
97.89359474,0.324122997
97.92446947,0.287714425
97.95676088,0.271529981
97.98810911,0.235783633
98.01901555,0.203822796
98.05067706,0.179582254
98.08214855,0.149930065
98.11313391,0.12718765
98.14342308,0.111558272
98.17512131,0.085365108
98.20641756,0.049388926
98.23848534,0.027467799
98.2689414,0.019403431
98.30042028,0.013452167
98.3316071,0.01230572
98.36326432,0.010916931
98.39430523,0.011503273
98.42540336,0.011608035
98.45650315,0.012129951
98.4880197,0.012604825
98.51906562,0.012862967
98.549505,0.013134078
98.58118367,0.012799871
98.6124835,0.012629168
98.64388418,0.012079747
98.6756165,0.011913573
98.70835137,0.012291048
98.73931956,0.012835921
98.77133512,0.01288617
98.8034687,0.012546766
98.83520675,0.013796562
98.86608434,0.015117371
98.89743567,0.017813401
98.92905354,0.021451195
98.95956993,0.024436977
98.99107838,0.028574069
99.02210641,0.030978586
99.05417514,0.043505427
99.08620715,0.057319045
99.11654091,0.081238287
99.1479671,0.100195441
99.17942905,0.123506768
99.21072078,0.15773152
99.24212027,0.185814308
99.27362657,0.20519431
99.30444288,0.246609383
99.33568597,0.280416758
99.36669898,0.314118496
99.39801598,0.336279179
99.42970824,0.378964157
99.46151805,0.410404794
99.49366879,0.441613582
99.52507496,0.484257546
99.55552077,0.50361826
99.58658075,0.530225531
99.61741734,0.552227307
99.64900517,0.577248621
99.6801095,0.596573187
99.71129274,0.62319675
99.74255967,0.644126946
99.77381492,0.656104992
99.80601096,0.675680131
99.83654356,0.701559199
99.86830044,0.719579778
99.89977288,0.73942635
99.93102312,0.744906878
99.9621501,0.769667215
99.99351597,0.787922206
100.0259595,0.808542189
100.0572436,0.813076256
100.0887969,0.829217523
100.1198308,0.836685573
100.150877,0.84613365
100.1828699,0.854090997
100.2135265,0.861911825
100.2452621,0.867000562
100.2760713,0.869590812
100.3064864,0.872685287
100.3380172,0.876395335
100.3697546,0.881534261
100.4003251,0.882255022
100.4318357,0.881237361
100.4631808,0.881087191
100.4946103,0.881250888
100.525522,0.879853937
100.5573874,0.877025961
100.5891118,0.874079038
100.6199691,0.869478641
100.6511645,0.867682567
100.681812,0.858748492
100.7127738,0.853808597
100.7438467,0.845243522
100.7751658,0.841385211
100.8073215,0.823863193
100.8384981,0.811931056
100.8700192,0.788441671
100.9014595,0.765300225
100.9316742,0.746515881
100.963876,0.718230394
100.9950438,0.700039839
101.0267084,0.669376653
101.0581088,0.643560035
101.0892477,0.609578288
101.1210103,0.578835468
101.1523938,0.538012396
101.1829209,0.51876591
101.2138064,0.483077673
101.2461176,0.435636784
101.2774549,0.380459981
101.3093185,0.359543058
101.3415289,0.3241037
101.3729384,0.287288302
101.4042525,0.251231927
101.435358,0.229403219
101.4665041,0.196643678
101.4971862,0.170866729
101.5288308,0.155741688
101.560292,0.134178871
101.5918624,0.098819522
101.6235046,0.074519811
101.6548903,0.051378319
101.6869087,0.035352922
101.7187042,0.029475526
101.7494295,0.023867828
101.7807162,0.019476812
101.8114889,0.012846807
101.8424227,0.011373304
101.8731151,0.010398476
101.9040391,0.009354958
101.9357882,0.00770374
101.9669309,0.007532363
101.9982855,0.009295832
102.0298657,0.009459089
102.0605347,0.009567417
102.0925531,0.009341846
102.123409,0.009116274
102.154815,0.009003328
102.1854045,0.008777762
102.2169695,0.008661895
102.2487161,0.008326627
102.2807949,0.008273168
102.3129501,0.008485564
102.3447773,0.00825388
102.3755274,0.008577332
102.4077487,0.012759053
102.4394283,0.014799649
102.470798,0.023511551
102.5029547,0.029946098
102.5340221,0.050296423
102.566025,0.073969331
102.5973122,0.112680918
102.6288345,0.145593358
102.6602435,0.188181495
102.691478,0.200806244
102.7230523,0.25448919
102.7557471,0.28505558
102.7866137,0.332656776
102.8176782,0.34455531
102.8486061,0.382122221
102.8793402,0.409140399
102.9109619,0.445536637
102.9431012,0.467343077
102.9750161,0.488267809
103.0058987,0.500673093
103.0374117,0.529906185
103.0689194,0.5524804
103.099648,0.574488571
103.131567,0.603449275
103.1620936,0.628328468
103.1932747,0.643702604
103.2239697,0.663443524
103.2555554,0.688587523
103.2861571,0.715673567
103.3170793,0.751493589
103.3481936,0.767167009
103.3798482,0.778048472
103.4114869,0.793707295
103.4430382,0.811932417
103.474154,0.826744633
103.5056489,0.832838684
103.537688,0.836033696
103.569828,0.839158932
103.6011617,0.843749763
103.6319785,0.846830008
103.6632805,0.848865308
103.6944239,0.850609002
103.7262595,0.852364052
103.7580154,0.856525806
103.7891719,0.858881204
103.8202658,0.860892043
103.85267,0.864670129
103.8841884,0.86589222
103.9155598,0.86542022
103.9475918,0.864004293
103.9784565,0.861606162
104.0096526,0.859088223
104.042381,0.855449693
104.0733006,0.854849447
104.1047838,0.852570624
104.1373007,0.851446466
104.1688962,0.847466454
104.2004673,0.840948471
104.2314236,0.831361856
104.2622633,0.810935566
104.2933481,0.788996906
104.3243523,0.767630483
104.3569198,0.731397715
104.3882442,0.683925679
104.4199119,0.644711098
104.4512804,0.581893682
104.4831829,0.568683503
104.5146093,0.518795059
104.5459871,0.478057324
104.5771253,0.428224788
104.6085496,0.397824197
104.6401582,0.360450826
104.6721354,0.306954571
104.7029171,0.28430118
104.7341359,0.251401795
104.765372,0.206385787
104.7961292,0.175051981
104.8273463,0.147848469
104.8591313,0.112745545
104.8903649,0.096369986
104.9214406,0.074088944
104.9523647,0.056873003
104.9838722,0.038174561
105.0154126,0.031889569
105.0460167,0.028099993
105.0778172,0.022287352
105.1091299,0.018310172
105.1404169,0.0177464
105.1721361,0.01713582
105.2023969,0.017018518
105.233844,0.016677768
105.2656822,0.016229315
105.2968459,0.016442336
105.3279376,0.01599663
105.3588331,0.015551257
105.3900414,0.01521714
105.4212675,0.01487692
105.4522815,0.014599994
105.4839385,0.014155023
105.515672,0.013928242
105.5458851,0.01375746
105.5769498,0.013588979
105.6083951,0.01407654
105.6400263,0.013964709
105.6714182,0.013961245
105.7019396,0.015161311
105.7334538,0.01785581
105.7648396,0.019623719
105.7960992,0.0243254
105.8273418,0.028349243
105.8584836,0.04052607
105.8895874,0.055563843
105.9206042,0.080374932
105.9521973,0.087889541
105.983505,0.120351332
106.0145018,0.148312705
106.0453064,0.190503875
106.0764151,0.201706156
106.1078744,0.246854887
106.139575,0.283648619
106.1702771,0.331883327
106.2018137,0.369376791
106.2329278,0.417324584
106.2641089,0.417324584
106.2949803,0.471050456
106.3268945,0.499721461
106.3582852,0.533595374
106.3893228,0.554336548
106.4199977,0.582659658
106.4507613,0.589546398
106.4818313,0.614454914
106.5131545,0.636097305
106.5444572,0.656659215
106.5756457,0.68222419
106.6071455,0.696949764
106.6383281,0.72121938
106.6691942,0.752361446
106.701308,0.771730557
106.7326164,0.786376192
106.7641664,0.794681162
106.7948914,0.81290613
106.8265846,0.824620872
106.8569863,0.832745577
106.8880262,0.835302519
106.9189692,0.836281258
106.9499991,0.837870009
106.9819598,0.839642759
107.0129149,0.841656437
107.0442791,0.842196093
107.076236,0.841493773
107.106636,0.839839302
107.1381416,0.839216262
107.1694524,0.839410487
107.2000926,0.838968503
107.2319887,0.838496645
107.2634726,0.836287799
107.2934909,0.832776001
107.3254156,0.830271817
107.3563304,0.823723399
107.3877361,0.816701361
107.4192793,0.808366109
107.4503324,0.800969753
107.4812379,0.794909948
107.5118387,0.782532117
107.5430596,0.760673377
107.5743287,0.747881991
107.6056123,0.719656682
107.636929,0.710801077
107.6673419,0.676607396
107.6982882,0.649303643
107.729337,0.605169776
107.7609007,0.566847818
107.7924898,0.543586165
107.8247809,0.509761922
107.8563292,0.457761771
107.8879621,0.422196783
107.9200172,0.381373442
107.9514823,0.347607616
107.9825115,0.319314919
108.0135965,0.303949208
108.0450163,0.273358035
108.07651,0.250328626
108.1077652,0.231212303
108.1400216,0.199576808
108.1717508,0.180872913
108.2028465,0.154593724
108.2346394,0.130302458
108.2656922,0.098555578
108.2971749,0.074672381
108.3282256,0.047331259
108.3595395,0.033337868
108.3913481,0.024043176
108.4228537,0.02155433
108.4530017,0.016234896
108.4844563,0.015530909
108.5150685,0.013614127
108.5468426,0.013555654
108.5788984,0.013818659
108.6094604,0.013809372
108.6409576,0.013742612
108.6722386,0.013466641
108.7033489,0.013240762
108.7343142,0.012958443
108.7654688,0.012732574
108.7962048,0.012619533
108.8275428,0.01239702
108.8590336,0.012393669
108.8900864,0.012719577
108.921644,0.012935601
108.952476,0.01337119
108.9829097,0.015510598
109.0143611,0.017765043
109.0458329,0.02185168
109.0781293,0.025795488
109.1096888,0.027836941
109.1420326,0.034704777
109.1729341,0.048325804
109.2047956,0.061125746
109.2354217,0.078118217
109.2660906,0.103283837
109.2971387,0.109938697
109.3283093,0.138588855
109.3596187,0.162010419
109.3914587,0.191158
109.4222665,0.19769718
109.4544792,0.22328622
109.4855359,0.245661462
109.5166256,0.276652305
109.5480278,0.301333065
109.5789661,0.317312298
109.610652,0.342584459
109.6421759,0.378513849
109.6734998,0.405409
109.7045374,0.437409697
109.7366681,0.462950141
109.7676671,0.501495426
109.7982688,0.52910648
109.8299804,0.546969571
109.8614786,0.576270363
109.8931284,0.610938816
109.9238944,0.638739545
109.9545901,0.659797176
109.9850101,0.691011713
110.0162408,0.720644106
110.0466144,0.734728834
110.0781252,0.747857142
110.108978,0.75826909
110.1401372,0.776257016
110.1709757,0.787885407
110.2020552,0.798614253
110.2330196,0.804703909
110.2649653,0.811927879
110.2968156,0.818585297
110.3284361,0.825120331
110.3594162,0.831091046
110.3908496,0.835084106
110.4220855,0.841115789
110.4533775,0.843745738
110.4854312,0.845903297
110.5169351,0.846978937
110.548594,0.848820852
110.5799088,0.849874424
110.6120529,0.850573332
110.6438062,0.851003034
110.6750047,0.851659585
110.7069168,0.851740041
110.7382236,0.851221174
110.7689021,0.849917095
110.8003681,0.847721227
110.8317852,0.846486887
110.863615,0.846066151
110.8954215,0.844991781
110.9269805,0.843537642
110.9578903,0.838625851
110.988869,0.830705154
111.0198288,0.818193911
111.0511031,0.813750606
111.0829184,0.80983296
111.1142516,0.800360413
111.1459947,0.787091985
111.1771798,0.77595317
111.2090626,0.76248048
111.2405956,0.752031074
111.2728405,0.73484009
111.3029761,0.724553029
111.3338697,0.709408667
111.3644974,0.696958088
111.3962512,0.67178525
111.42816,0.65094197
111.4593349,0.624487294
111.4908125,0.586788353
111.5219264,0.56629473
111.5525992,0.534001503
111.583998,0.504211759
111.6149125,0.485541373
111.6468768,0.460947303
111.6777866,0.422122358
111.7094593,0.385114207
111.7411618,0.35984617
111.7723184,0.324596035
111.8031583,0.270945756
111.834126,0.229733773
111.8656752,0.175220365
111.8969109,0.161646788
111.9282501,0.125251065
111.9596968,0.105392714
111.9923472,0.078638423
112.023108,0.059124268
112.0546367,0.040625794
112.0867217,0.033966988
112.1186936,0.02757049
112.1497383,0.024615608
112.1814682,0.021568008
112.2131345,0.019862308
112.2449057,0.019423257
112.2771044,0.018955274
112.3086669,0.018843167
112.3401265,0.018484988
112.3723121,0.018419141
112.4031522,0.016715475
112.4347901,0.016441482
112.4651587,0.015226002
112.4962769,0.014509783
112.5285373,0.014064999
112.5595398,0.013733066
112.5915949,0.012736563
112.6230731,0.012069555
112.6553361,0.011681847
112.6866992,0.013507927
112.7179582,0.013775984
112.7484758,0.01389207
112.7792511,0.013617376
112.8102837,0.013617376
112.8416181,0.012906809
112.8740978,0.011595139
112.9054995,0.012680148
112.9363663,0.011576502
112.967504,0.011244012
112.9980607,0.010907723
113.029355,0.009603278
113.0605555,0.007878945
113.0918322,0.008843323
113.1233399,0.008192989
113.1540427,0.008185573
113.1846597,0.007683475
113.2157087,0.007403364
113.24839,0.00723016
113.2796075,0.00706707
113.3111632,0.00689388
113.3424525,0.006674635
113.3732271,0.006504106
113.4050112,0.00622873
113.4373121,0.00622873
113.4687788,0.006002069
113.5001488,0.005775408
113.5311337,0.00555616
113.5626001,0.005439122
113.5948339,0.005329497
113.6267307,0.005212459
113.6576955,0.004993209
113.6897793,0.00487617
113.7219598,0.004766544
113.7537954,0.004597116
113.7855079,0.004430253
113.8166413,0.004320626
113.8482094,0.004320626
113.8793423,0.004093959
113.9105074,0.003984332
113.9415841,0.003924568
113.9736376,0.003867292
114.0052488,0.003757664
114.0363383,0.003648036
114.0675814,0.003478666
114.0987816,0.003421367
114.1302433,0.003311738
114.1612759,0.003198377
114.1933947,0.003088748
114.2243054,0.003085067
114.256187,0.003085067
114.2879381,0.003085067
114.3196981,0.003085067
114.3513737,0.003085067
114.3823433,0.003085067
114.4133306,0.003085067
114.4442732,0.003085067
114.4752076,0.003085067
114.5064354,0.003085067
114.5379763,0.003085067
114.5686369,0.003085067
114.6005805,0.003085067
114.6310737,0.003085067
114.6626065,0.003085067
114.6942363,0.003085067
114.7257106,0.003085067
114.757889,0.003085067
114.7896307,0.003085067
114.8213124,0.003085067
114.8519795,0.003085067
114.8829389,0.003085067
114.9144034,0.003085067
114.9460289,0.003085067
114.9773681,0.003085067
115.0084829,0.003085067
115.040004,0.003085067
115.0713503,0.003085067
115.1030684,0.003085067
115.1353064,0.003085067
115.1662247,0.003085067
115.1965237,0.003085067
115.2283425,0.003085067
115.2595108,0.003085067
115.2911727,0.003085067
115.322969,0.003085067
115.3543212,0.003085067
115.3855495,0.003085067
115.4163499,0.003085067
115.4481835,0.003085067
115.4791555,0.003085067
115.5097399,0.003085067
115.5407519,0.003085067
115.5723989,0.003085067
115.6030018,0.003085067
115.6339891,0.003085067
115.6651556,0.003085067
115.6968513,0.003085067
115.7283306,0.003085067
115.7596312,0.003085067
115.7909558,0.003085067
115.8231738,0.003085067
115.854141,0.003085067
115.8860352,0.003085067
115.9180491,0.003085067
115.9492369,0.003085067
115.9806578,0.003085067
116.0122581,0.003085067
116.0428452,0.003085067
116.0745156,0.003085067
116.1057463,0.003085067
116.1364007,0.003085067
116.1679187,0.003085067
116.1990659,0.003085067
116.2298534,0.003085067
116.2615917,0.003085067
116.2922704,0.003085067
116.3237698,0.003085067
116.3558421,0.003085067
116.3867855,0.003085067
116.418735,0.003085067
116.4491115,0.003085067
116.4806025,0.003085067
116.512511,0.003085067
116.5435162,0.003085067
116.5747445,0.003085067
116.6064985,0.003085067
116.6377082,0.003085067
116.668921,0.003085067
116.7004395,0.003085067
116.7316484,0.003085067
116.762536,0.003085067
116.7941933,0.003085067
116.8253624,0.003085067
116.8564808,0.003085067
116.8870885,0.003085067
116.9185941,0.003085067
116.9493399,0.003085067
116.9799802,0.003085067
117.0111828,0.003085067
117.042522,0.003085067
117.074156,0.003085067
117.1052132,0.003085067
117.1367919,0.003085067
117.1679122,0.003085067
117.1995308,0.003085067
117.2307088,0.003085067
117.2629495,0.003085067
117.293942,0.003085067
117.325247,0.003085067
117.3560259,0.003085067
117.3871369,0.003085067
117.4174867,0.003085067
117.4489222,0.003085067
117.4800909,0.003085067
117.5115073,0.003085067
117.5427678,0.003085067
117.5746448,0.003085067
117.6054099,0.003085067
117.6364679,0.003085067
117.6673326,0.003085067
117.6985047,0.003085067
117.7300971,0.003085067
117.7611251,0.003085067
117.7926259,0.003085067
117.8235667,0.003085067
117.8551939,0.003085067
117.8863595,0.003085067
117.9172769,0.003085067
117.9485135,0.003085067
117.9796419,0.003085067
118.0106905,0.003085067
118.0410483,0.003085067
118.0714235,0.003085067
118.1034222,0.003085067
118.134254,0.003085067
118.1655543,0.003085067
118.1973031,0.003085067
118.2286355,0.003085067
118.2590322,0.003085067
118.2905204,0.003085067
118.322197,0.003085067
118.3542717,0.003085067
118.3855004,0.003085067
118.4160724,0.003085067
118.4479773,0.003085067
118.4793141,0.003085067
118.5098636,0.003085067
118.5411973,0.003085067
118.5734088,0.003085067
118.6045601,0.003085067
118.6361723,0.003088798
118.6673672,0.003088798
118.6983635,0.003088798
118.7294731,0.003088798
118.7606077,0.003088798
118.7925625,0.003088798
118.8249416,0.003088798
118.8572268,0.003088798
118.888335,0.003088798
118.919682,0.003088798
118.951509,0.003088798
118.9820983,0.003088798
119.0137184,0.003088798
119.0447741,0.003088798
119.0760589,0.003088798
119.1076047,0.003088798
119.1395433,0.003088798
119.171361,0.003088798
119.2021465,0.003088798
119.2335663,0.003088798
119.2655447,0.003088798
119.2965324,0.003088798
119.3275712,0.003088798
119.3588827,0.003088798
119.3901038,0.003088798
119.4222858,0.003088798
119.453805,0.003088798
119.4857831,0.003088798
119.5171034,0.003088798
119.5488586,0.003085067
119.5796947,0.003085067
119.6104016,0.003085067
119.6419117,0.003085067
119.6730182,0.003085067
119.7044053,0.003085067
119.7356522,0.003085067
119.7661395,0.003085067
119.7980103,0.003085067
119.8282983,0.003085067
119.8595858,0.003085067
119.8903365,0.003085067
119.9208069,0.003085067
119.9521263,0.003085067
119.9829803,0.003085067
120.0148802,0.003085067
120.0469375,0.003085067
120.077647,0.003085067
120.1092739,0.003085067
120.1401188,0.003085067
120.171258,0.003085067
120.2030847,0.003085067
120.2342465,0.003085067
120.2649982,0.003085067
120.2966413,0.003085067
120.3286033,0.003085067
120.3598802,0.003085067
120.3913908,0.003085067
120.4240189,0.003085067
120.4549813,0.003085067
120.4868124,0.003085067
120.5177789,0.003085067
120.5485384,0.003085067
120.5793383,0.003085067
120.6098659,0.003085067
120.6416039,0.003085067
120.6732023,0.003085067
120.7044234,0.003085067
120.7362359,0.003085067
120.7676897,0.003085067
120.7988641,0.003085067
120.8297219,0.003085067
120.8610175,0.003085067
120.8926253,0.003085067
120.9244611,0.003085067
120.9557264,0.003085067
120.9872253,0.003085067
121.0186596,0.003085067
121.0492771,0.003085067
121.0810554,0.003085067
121.1124234,0.003085067
121.1428955,0.003085067
121.1745825,0.003085067
121.2061672,0.003085067
121.2365818,0.003085067
121.2683024,0.003085067
121.3001971,0.003085067
121.3310125,0.003085067
121.3620923,0.003085067
121.3932104,0.003085067
121.4244955,0.003085067
121.4553833,0.003085067
121.4864857,0.003085067
121.5179758,0.003085067
121.5487189,0.003085067
121.5804834,0.003085067
121.6117759,0.003085067
121.6433337,0.003085067
121.6748095,0.003085067
121.7060661,0.003085067
121.7377758,0.003085067
121.7685106,0.003085067
121.7995751,0.003085067
121.8302774,0.003085067
121.8613827,0.003085067
121.8925974,0.003085067
121.9234483,0.003085067
121.9548473,0.003085067
121.9861722,0.003085067
122.0180018,0.003085067
122.0492368,0.003085067
122.0807424,0.003085067
122.1127672,0.003085067
122.1434805,0.003085067
122.1740561,0.003085067
122.2055073,0.003085067
122.2371447,0.003085067
122.2686672,0.003085067
122.2996602,0.003085067
122.330538,0.003085067
122.362308,0.003085067
122.3940194,0.003085067
122.4254289,0.003085067
122.4561129,0.003085067
122.4877603,0.003085067
122.5198624,0.003085067
122.550848,0.003085067
122.5819886,0.003085067
122.6140559,0.003085067
122.6457529,0.003085067
122.676405,0.003085067
122.7079589,0.003085067
122.7387149,0.003085067
122.7707548,0.003085067
122.8029945,0.003085067
122.8340192,0.003085067
122.8649528,0.003085067
122.8964384,0.003085067
122.9280424,0.003085067
122.958889,0.003085067
122.9909625,0.003085067
123.0216856,0.003085067
123.052949,0.003085067
123.0839822,0.003085067
123.1139662,0.003085067
123.1454265,0.003085067
123.1756413,0.003085067
123.2066317,0.003085067
123.2367616,0.003085067
123.2685194,0.003085067
123.2993038,0.003085067
123.3303807,0.003085067
123.3623159,0.003085067
123.3935428,0.003085067
123.4245787,0.003085067
123.4566061,0.003085067
123.4877715,0.003085067
123.5195093,0.003085067
123.5505197,0.003085067
123.5809407,0.003085067
123.6122296,0.003085067
123.6434419,0.003085067
123.6750634,0.003085067
123.7063468,0.003085067
123.7373221,0.003085067
123.7683108,0.003085067
123.7990813,0.003085067
123.8301468,0.003085067
123.86148,0.003085067
123.8927145,0.003085067
123.9245374,0.003085067
123.9557116,0.003085067
123.9866383,0.003085067
124.0169988,0.003085067
124.0485227,0.003085067
124.079742,0.003085067
124.1115398,0.003085067
124.1427493,0.003085067
124.1741178,0.003085067
124.205493,0.003085067
124.2364898,0.003085067
124.2679062,0.003085067
124.2991955,0.003085067
124.3302639,0.003085067
124.3614089,0.003085067
124.3927445,0.003085067
124.4240308,0.003085067
124.4548576,0.003085067
124.4872005,0.003085067
124.5171673,0.003085067
124.5481834,0.003085067
124.579937,0.003085067
124.6114979,0.003085067
124.6425824,0.003085067
124.6743584,0.003085067
124.705986,0.003085067
124.7366993,0.003085067
124.7682586,0.003085067
124.7997706,0.003085067
124.8315597,0.003085067
124.8624291,0.003085067
124.89326,0.003085067
124.9246619,0.003085067
124.9560194,0.003085067
124.9870579,0.003085067
125.0176857,0.003085067
125.0483928,0.003085067
125.0796001,0.003085067
125.1103029,0.003085067
125.1417985,0.003085067
125.1727777,0.003085067
125.2048995,0.003085067
125.2361217,0.003085067
125.2682266,0.003085067
125.2995925,0.003085067
125.3315794,0.003085067
125.3632972,0.003085067
125.3940384,0.003085067
125.4256921,0.003085067
125.4574885,0.003085067
125.488302,0.003085067
125.519608,0.003085067
125.5501218,0.003085067
125.5815072,0.003085067
125.6130211,0.003085067
125.6436598,0.003085067
125.6747642,0.003085067
125.7056532,0.003085067
125.7371454,0.003085067
125.7683392,0.003085067
125.7989936,0.003085067
125.8307748,0.003085067
125.8627076,0.003085067
125.8939617,0.003085067
125.9247835,0.003085067
125.9557741,0.003085067
125.9866254,0.003085067
126.0168903,0.003085067
126.0484672,0.003085067
126.0790401,0.003085067
126.1090689,0.003085067
126.1411278,0.003085067
126.1723063,0.003085067
126.2025146,0.003085067
126.2333736,0.003085067
126.2639301,0.003085067
126.2951703,0.003085067
126.3267577,0.003085067
126.3584862,0.003085067
126.389359,0.003085067
126.421082,0.003085067
126.4518702,0.003085067
126.4833329,0.003085067
126.5148656,0.003085067
126.5459812,0.003085067
126.5777111,0.003085067
126.6075816,0.003085067
126.638561,0.003085067
126.6694686,0.003085067
126.7009106,0.003085067
126.732039,0.003085067
126.7639515,0.003085067
126.7957907,0.003085067
126.8281169,0.003085067
126.8600895,0.003085067
126.8915586,0.003085067
126.9230442,0.003085067
126.9538953,0.003085067
126.9848466,0.003085067
127.0166488,0.003085067
127.047487,0.003085067
127.079427,0.003085067
127.1118734,0.003085067
127.1427855,0.003085067
127.174305,0.003085067
127.205842,0.003085067
127.2371414,0.003085067
127.2690182,0.003085067
127.2991917,0.003085067
127.3300316,0.003085067
127.3622568,0.003085067
127.3944843,0.003085067
127.4265885,0.003085067
127.4582038,0.003085067
127.4890404,0.003085067
127.5201678,0.003085067
127.5511849,0.003085067
127.5825682,0.003085067
127.6147044,0.003085067
127.6453972,0.003085067
127.6764543,0.003085067
127.7075977,0.003085067
127.7391982,0.003085067
127.7704637,0.003085067
127.8026958,0.003085067
127.8335459,0.003085067
127.8649769,0.003085067
127.8969908,0.003085067
127.9283302,0.003085067
127.9593775,0.003085067
127.9916258,0.003085067
128.0223274,0.003085067
128.0536482,0.003085067
128.0860438,0.003085067
128.1174388,0.003085067
128.1481206,0.003085067
128.179137,0.003085067
128.2110817,0.003085067
128.2419031,0.003085067
128.2733703,0.003085067
128.3044901,0.003085067
128.3354166,0.003085067
128.3660502,0.003085067
128.3971765,0.003085067
128.4283235,0.003085067
128.4594817,0.003085067
128.491636,0.003085067
128.5232801,0.003085067
128.5545292,0.003085067
128.5848393,0.003085067
128.616147,0.003085067
128.6479855,0.003085067
128.6784968,0.003085067
128.7107601,0.003085067
128.7417819,0.003085067
128.7719758,0.003085067
128.8028276,0.003085067
128.8339007,0.003085067
128.8651249,0.003085067
128.8960178,0.003085067
128.928195,0.003085067
128.9592423,0.003085067
128.9906428,0.003085067
129.0217364,0.003085067
129.0529811,0.003085067
129.0835214,0.003085067
129.1151073,0.003085067
129.1460006,0.003085067
129.1769416,0.003085067
129.2083297,0.003085067
129.2397215,0.003085067
129.2708635,0.003085067
129.3027363,0.003085067
129.3337522,0.003085067
129.3646789,0.003085067
129.3956122,0.003085067
129.4264004,0.003085067
129.4575133,0.003085067
129.4883091,0.003085067
129.5200956,0.003085067
129.5515985,0.003085067
129.5828536,0.003085067
129.6141896,0.003085067
129.6450224,0.003085067
129.6765404,0.003085067
129.707674,0.003085067
129.7396276,0.003085067
129.770236,0.003085067
129.8013401,0.003085067
129.8325753,0.003085067
129.8633919,0.003085067
129.8945227,0.003085067
129.9261379,0.003085067
129.9572618,0.003085067
129.9888051,0.003085067
130.0194347,0.003085067
130.0505171,0.003085067
130.0825121,0.003085067
130.1140401,0.003085067
130.1454186,0.003085067
130.1766291,0.003085067
130.2080302,0.003085067
130.240325,0.003085067
130.271538,0.003085067
130.3027089,0.003085067
130.3332052,0.003085067
130.3644063,0.003085067
130.3951395,0.003085067
130.4263613,0.003085067
130.4574997,0.003085067
130.4884992,0.003085067
130.5203047,0.003085067
130.551707,0.003085067
130.5833044,0.003085067
130.6151881,0.003085067
130.6469021,0.003085067
130.6781359,0.003085067
130.7090356,0.003085067
130.7413025,0.003085067
130.7718382,0.003085067
130.803827,0.003085067
130.8348827,0.003085067
130.8673782,0.003085067
130.8991387,0.003085067
130.9301269,0.003085067
130.9609544,0.003085067
130.9918828,0.003085067
131.0231807,0.003085067
131.0548439,0.003085067
131.0859764,0.003085067
131.1167343,0.003085067
131.1482513,0.003085067
131.1792045,0.003085067
131.2104414,0.003085067
131.2413349,0.003085067
131.2729316,0.003085067
131.3038216,0.003085067
131.3349144,0.003085067
0,0
0,0
0,0
0,0
0,0
0,0
0,0
0,0
0,0
0,0
0,0
0,0
0,0
0,0
0,0
0,0
0,0
0,0
0,0
0,0
0,0
0,0
0,0
0,0
0,0
0,0
0,0
0,0
0,0
0,0
0,0
0,0
0,0
0,0
0,0
0,0
0,0
0,0
0,0
0,0
0,0
0,0
0,0
0,0
0,0
0,0
0,0
0,0
0,0
0,0
0,0
0,0
0,0
0,0
0,0
0,0
0,0
0,0
0,0
0,0
0,0
0,0
0,0
0,0
0,0
0,0
0,0
0,0
0,0
0,0
0,0
0,0
0,0
0,0
0,0
0,0
0,0
0,0
0,0
0,0
0,0
0,0
0,0
0,0
0,0
0,0
0,0
0,0
0,0
0,0
0,0
0,0
0,0
0,0
0,0
0,0
0,0
0,0
0,0
0,0
0,0
0,0
0,0
0,0
0,0
0,0
0,0
0,0
0,0
0,0
0,0
0,0
0,0
0,0
0,0
0,0
0,0
0,0
0,0
0,0
0,0
0,0
0,0
0,0
0,0
0,0
0,0
0,0
0,0
0,0
0,0
0,0
0,0
0,0
0,0
0,0
0,0
0,0
0,0
0,0
0,0
0,0
0,0
0,0
0,0
0,0
0,0
0,0
0,0
0,0
0,0
0,0
0,0
0,0
0,0
0,0
0,0
0,0
0,0
0,0
0,0
0,0
0,0
0,0
0,0
0,0
0,0
0,0
0,0
0,0
0,0
0,0
0,0
0,0
0,0
0,0
0,0
0,0
0,0
0,0
0,0
0,0
0,0
0,0
0,0
0,0
0,0
0,0
0,0
0,0
0,0
0,0
0,0
0,0
0,0
0,0
0,0
0,0
0,0
0,0
0,0
0,0
0,0
0,0
0,0
0,0
0,0
0,0
0,0
0,0
0,0
0,0
0,0
0,0
0,0
0,0
0,0
0,0
0,0
0,0
0,0
0,0
0,0
0,0
0,0
0,0
0,0
0,0
0,0
0,0
0,0
0,0
0,0
0,0
0,0
0,0
0,0
0,0
0,0
0,0
0,0
0,0
0,0
0,0
0,0
0,0
0,0
0,0
0,0
0,0
0,0
0,0
0,0
0,0
0,0
0,0
0,0
0,0
0,0
0,0
0,0
0,0
0,0
0,0
0,0
0,0
0,0
0,0
0,0
0,0
0,0
0,0
0,0
0,0
0,0
0,0
0,0
0,0
0,0
0,0
0,0
0,0
0,0
0,0
0,0
0,0
0,0
0,0
0,0
0,0
0,0
0,0
0,0
0,0
0,0
0,0
0,0
0,0
0,0
0,0
0,0
0,0
0,0
0,0
0,0
0,0
0,0
0,0
0,0
0,0
0,0
0,0
0,0
0,0
0,0
0,0
0,0
0,0
0,0
0,0
0,0
0,0
0,0
0,0
0,0
0,0
0,0
0,0
0,0
0,0
0,0
0,0
0,0
0,0
0,0
0,0
0,0
0,0
0,0
0,0
0,0
0,0
0,0
0,0
0,0
0,0
0,0
0,0
0,0
0,0
0,0
0,0
0,0
0,0
0,0
0,0
0,0
0,0
0,0
0,0
0,0
0,0
0,0
0,0
0,0
0,0
0,0
0,0
0,0
0,0
0,0
0,0
0,0
0,0
0,0
0,0
0,0
0,0
0,0
0,0
0,0
0,0
0,0
0,0
0,0
0,0
0,0
0,0
0,0
0,0
0,0
0,0
0,0
0,0
0,0
0,0
0,0
0,0
0,0
0,0
0,0
0,0
0,0
0,0
0,0
0,0
0,0
0,0
0,0
0,0
0,0
0,0
0,0
0,0
0,0
0,0
0,0
0,0
0,0
0,0
0,0
0,0
0,0
0,0
0,0
0,0
0,0
0,0
0,0
0,0
0,0
0,0
0,0
0,0
0,0
0,0
0,0
0,0
0,0
0,0
0,0
0,0
0,0
0,0
0,0
0,0
0,0
0,0
0,0
0,0
0,0
0,0
0,0
0,0
0,0
0,0
0,0
0,0
0,0
0,0
0,0
0,0
0,0
0,0
0,0
0,0
0,0
0,0
0,0
0,0
0,0
0,0
0,0
0,0
0,0
0,0
0,0
0,0
0,0
0,0
0,0
0,0
0,0
0,0
0,0
0,0
0,0
0,0
0,0
0,0
0,0
0,0
0,0
0,0
0,0
0,0
0,0
0,0
0,0
0,0
0,0
0,0
0,0
0,0
0,0
0,0
0,0
0,0
0,0
0,0
0,0
0,0
0,0
0,0
0,0
0,0
0,0
0,0
0,0
0,0
0,0
0,0
0,0
0,0
0,0
0,0
0,0
0,0
0,0
0,0
0,0
0,0
0,0
0,0
0,0
0,0
0,0
0,0
0,0
0,0
0,0
0,0
0,0
0,0
0,0
0,0
0,0
0,0
0,0
0,0
0,0
0,0
0,0
0,0
0,0
0,0
0,0
0,0
0,0
0,0
0,0
0,0
0,0
0,0
0,0
0,0
0,0
0,0
0,0
0,0
0,0
0,0
0,0
0,0
0,0
0,0
0,0
0,0
0,0
0,0
0,0
0,0
0,0
0,0
0,0
0,0
0,0
0,0
0,0
0,0
0,0
0,0
0,0
0,0
0,0
0,0
0,0
0,0
0,0
0,0
0,0
0,0
0,0
0,0
0,0
0,0
0,0
0,0
0,0
0,0
0,0
0,0
